00:02:43.870 [TestNG-tests-1] INFO  listeners.ExtentReportListener - Archiving old report: ExtentReport_2026-07-28_22-26-58.html
00:02:43.870 [TestNG-tests-2] INFO  listeners.ExtentReportListener - Archiving old report: ExtentReport_2026-07-28_22-26-58.html
00:02:43.870 [TestNG-tests-4] INFO  listeners.ExtentReportListener - Archiving old report: ExtentReport_2026-07-28_22-26-58.html
00:02:43.870 [TestNG-tests-3] INFO  listeners.ExtentReportListener - Archiving old report: ExtentReport_2026-07-28_22-26-58.html
00:02:43.879 [TestNG-tests-4] WARN  listeners.ExtentReportListener - Could not delete archived report file: ExtentReport_2026-07-28_22-26-58.html
00:02:43.880 [TestNG-tests-4] INFO  listeners.ExtentReportListener - ✅ Archived 1 old report(s) → ExtentReports_archive_2026-07-29_00-02-43.zip
00:02:43.880 [TestNG-tests-1] INFO  listeners.ExtentReportListener - ✅ Archived 1 old report(s) → ExtentReports_archive_2026-07-29_00-02-43.zip
00:02:43.880 [TestNG-tests-2] INFO  listeners.ExtentReportListener - ✅ Archived 1 old report(s) → ExtentReports_archive_2026-07-29_00-02-43.zip
00:02:43.881 [TestNG-tests-3] INFO  listeners.ExtentReportListener - ✅ Archived 1 old report(s) → ExtentReports_archive_2026-07-29_00-02-43.zip
00:02:44.010 [TestNG-tests-2] INFO  tests.AccountTests - ▶ Running: [TC_01_CreateAccount_ValidData] | Groups: [accounts, create_retrieve_close_account, regression, smoke]
00:02:44.010 [TestNG-tests-1] INFO  tests.CustomerTests - ▶ Running: [TC_01_CreateCustomer_ValidData] | Groups: [customer, regression, create_update_search_retrieve_delete, marketplace_e2e, subscription_e2e, saved_card_e2e, dispute_e2e, smoke]
00:02:44.010 [TestNG-tests-3] INFO  tests.ConnectedAccountsTest - ▶ Running: [TC_01_positive_Create_ConnectAccount] | Groups: [connect_account, regression, smoke]
00:02:44.010 [TestNG-tests-2] INFO  tests.AccountTests - Thread=TestNG-tests-2 | Class=AccountTests | Test=TC_01_CreateAccount_ValidData
00:02:44.010 [TestNG-tests-3] INFO  tests.ConnectedAccountsTest - Thread=TestNG-tests-3 | Class=ConnectedAccountsTest | Test=TC_01_positive_Create_ConnectAccount
00:02:44.010 [TestNG-tests-4] INFO  tests.PaymentMethodTests - ▶ Running: [TC_01_Create_Valid_Payment_Method] | Groups: [payment_method, regression, create_attach_retrieve_detach, marketplace_e2e, subscription_e2e, saved_card_e2e, smoke]
00:02:44.010 [TestNG-tests-1] INFO  tests.CustomerTests - Thread=TestNG-tests-1 | Class=CustomerTests | Test=TC_01_CreateCustomer_ValidData
00:02:44.010 [TestNG-tests-4] INFO  tests.PaymentMethodTests - Thread=TestNG-tests-4 | Class=PaymentMethodTests | Test=TC_01_Create_Valid_Payment_Method
00:02:44.019 [TestNG-tests-2] INFO  tests.AccountTests - Test running under groups: [accounts, create_retrieve_close_account, regression, smoke]
00:02:44.020 [TestNG-tests-3] INFO  tests.ConnectedAccountsTest - Testing create connect account
00:02:44.020 [TestNG-tests-2] INFO  tests.AccountTests - Testing create valid account with all fields
00:02:44.020 [TestNG-tests-1] INFO  tests.CustomerTests - Test running under groups: [customer, regression, create_update_search_retrieve_delete, marketplace_e2e, subscription_e2e, saved_card_e2e, dispute_e2e, smoke]
00:02:44.020 [TestNG-tests-4] INFO  tests.PaymentMethodTests - Testing create valid payment method of type: card
00:02:44.112 [TestNG-tests-4] INFO  tests.PaymentMethodTests - Set billing email and name in context: RexDaugherty@test.com <--> Rex Daugherty
00:02:44.112 [TestNG-tests-4] INFO  tests.PaymentMethodTests - Creating payment method
00:02:44.140 [TestNG-tests-3] INFO  tests.ConnectedAccountsTest - Using service provider email from context: demetria.turner@example.com
00:02:44.142 [TestNG-tests-1] INFO  tests.CustomerTests - Customer Name and Email 	Margurite Doyle <--> rueben.oconnell@example.com
00:02:46.133 [TestNG-tests-1] INFO  org.hibernate.validator.internal.util.Version - HV000001: Hibernate Validator 8.0.2.Final
00:02:46.266 [TestNG-tests-1] INFO  tests.CustomerTests - POJO validation passed for customer: cus_UyCCkzm1P60y4g
00:02:46.267 [TestNG-tests-1] INFO  tests.CustomerTests - Customer ID of user set in context: 	cus_UyCCkzm1P60y4g
00:02:46.270 [TestNG-tests-1] INFO  tests.CustomerTests - ▶ Running: [TC_01_DeleteCustomer_Valid] | Groups: [customer, regression, create_update_search_retrieve_delete]
00:02:46.270 [TestNG-tests-1] INFO  tests.CustomerTests - Thread=TestNG-tests-1 | Class=CustomerTests | Test=TC_01_DeleteCustomer_Valid
00:02:46.271 [TestNG-tests-1] INFO  tests.CustomerTests - Testing delete valid customer
00:02:46.272 [TestNG-tests-4] INFO  tests.PaymentMethodTests - POJO validation passed for payment method: pm_1TyFo1CawgxS6rsgiahRuZGk
00:02:46.272 [TestNG-tests-4] INFO  tests.PaymentMethodTests - Successfully created valid payment method
00:02:46.273 [TestNG-tests-4] INFO  tests.PaymentMethodTests - ▶ Running: [TC_02_Negative_PaymentMethod] | Groups: [payment_method, negative, regression]
00:02:46.273 [TestNG-tests-4] INFO  tests.PaymentMethodTests - Thread=TestNG-tests-4 | Class=PaymentMethodTests | Test=TC_02_Negative_PaymentMethod
00:02:46.274 [TestNG-tests-4] INFO  tests.PaymentMethodTests - Testing negative create payment method of type: Missing Card Type
00:02:46.833 [TestNG-tests-4] INFO  tests.PaymentMethodTests - Successfully verified negative create payment method rejection
00:02:46.833 [TestNG-tests-4] INFO  tests.PaymentMethodTests - ▶ Running: [TC_02_Negative_PaymentMethod] | Groups: [payment_method, negative, regression]
00:02:46.833 [TestNG-tests-4] INFO  tests.PaymentMethodTests - Thread=TestNG-tests-4 | Class=PaymentMethodTests | Test=TC_02_Negative_PaymentMethod
00:02:46.834 [TestNG-tests-4] INFO  tests.PaymentMethodTests - Testing negative create payment method of type: Invalid Card Token
00:02:46.965 [TestNG-tests-1] INFO  tests.CustomerTests - Deleting Customer ID: cus_UyCCbW8QNuDEzQ
00:02:47.396 [TestNG-tests-4] INFO  tests.PaymentMethodTests - Successfully verified negative create payment method rejection
00:02:47.398 [TestNG-tests-4] INFO  tests.PaymentMethodTests - ▶ Running: [TC_02_Negative_PaymentMethod] | Groups: [payment_method, negative, regression]
00:02:47.398 [TestNG-tests-4] INFO  tests.PaymentMethodTests - Thread=TestNG-tests-4 | Class=PaymentMethodTests | Test=TC_02_Negative_PaymentMethod
00:02:47.399 [TestNG-tests-4] INFO  tests.PaymentMethodTests - Testing negative create payment method of type: Empty Card Request
00:02:47.686 [TestNG-tests-1] INFO  tests.CustomerTests - Successfully deleted customer
00:02:47.686 [TestNG-tests-1] INFO  tests.CustomerTests - ▶ Running: [TC_01_ListCustomers_Default] | Groups: [customer, regression, sanity]
00:02:47.686 [TestNG-tests-1] INFO  tests.CustomerTests - Thread=TestNG-tests-1 | Class=CustomerTests | Test=TC_01_ListCustomers_Default
00:02:47.688 [TestNG-tests-1] INFO  tests.CustomerTests - Testing list customers default
00:02:47.913 [TestNG-tests-4] INFO  tests.PaymentMethodTests - Successfully verified negative create payment method rejection
00:02:47.913 [TestNG-tests-4] INFO  tests.PaymentMethodTests - ▶ Running: [TC_02_Negative_PaymentMethod] | Groups: [payment_method, negative, regression]
00:02:47.913 [TestNG-tests-4] INFO  tests.PaymentMethodTests - Thread=TestNG-tests-4 | Class=PaymentMethodTests | Test=TC_02_Negative_PaymentMethod
00:02:47.914 [TestNG-tests-4] INFO  tests.PaymentMethodTests - Testing negative create payment method of type: Invalid Card Type
00:02:48.038 [TestNG-tests-3] INFO  tests.ConnectedAccountsTest - POJO validation passed for connected account: acct_1TyFo1EIoGcPfmf8
00:02:48.038 [TestNG-tests-3] INFO  tests.ConnectedAccountsTest - Created connect account ID: acct_1TyFo1EIoGcPfmf8
00:02:48.039 [TestNG-tests-3] INFO  tests.ConnectedAccountsTest - ▶ Running: [TC_02_positive_Update_ConnectAccount] | Groups: [connect_account, regression]
00:02:48.039 [TestNG-tests-3] INFO  tests.ConnectedAccountsTest - Thread=TestNG-tests-3 | Class=ConnectedAccountsTest | Test=TC_02_positive_Update_ConnectAccount
00:02:48.039 [TestNG-tests-3] INFO  tests.ConnectedAccountsTest - Testing update connect account
00:02:48.039 [TestNG-tests-3] INFO  tests.ConnectedAccountsTest - Using active connect account ID: acct_1TyFo1EIoGcPfmf8
00:02:48.039 [TestNG-tests-3] INFO  tests.ConnectedAccountsTest - Updating connect account ID: acct_1TyFo1EIoGcPfmf8
00:02:48.436 [TestNG-tests-4] INFO  tests.PaymentMethodTests - Successfully verified negative create payment method rejection
00:02:48.436 [TestNG-tests-4] INFO  tests.PaymentMethodTests - ▶ Running: [TC_02_Negative_PaymentMethod] | Groups: [payment_method, negative, regression]
00:02:48.436 [TestNG-tests-4] INFO  tests.PaymentMethodTests - Thread=TestNG-tests-4 | Class=PaymentMethodTests | Test=TC_02_Negative_PaymentMethod
00:02:48.436 [TestNG-tests-4] INFO  tests.PaymentMethodTests - Testing negative create payment method of type: Invalid Card Parameter
00:02:48.874 [TestNG-tests-1] INFO  tests.CustomerTests - Successfully retrieved customer list
00:02:48.875 [TestNG-tests-1] INFO  tests.CustomerTests - ▶ Running: [TC_01_RetrieveCustomer_ValidId] | Groups: [customer, regression, create_update_search_retrieve_delete]
00:02:48.875 [TestNG-tests-1] INFO  tests.CustomerTests - Thread=TestNG-tests-1 | Class=CustomerTests | Test=TC_01_RetrieveCustomer_ValidId
00:02:48.875 [TestNG-tests-1] INFO  tests.CustomerTests - Testing retrieve customer with valid ID
00:02:48.875 [TestNG-tests-1] INFO  tests.CustomerTests - Retrieving Customer ID: cus_UyCCkzm1P60y4g
00:02:48.978 [TestNG-tests-4] INFO  tests.PaymentMethodTests - Successfully verified negative create payment method rejection
00:02:48.979 [TestNG-tests-4] INFO  tests.PaymentMethodTests - ▶ Running: [TC_02_Negative_PaymentMethod] | Groups: [payment_method, negative, regression]
00:02:48.979 [TestNG-tests-4] INFO  tests.PaymentMethodTests - Thread=TestNG-tests-4 | Class=PaymentMethodTests | Test=TC_02_Negative_PaymentMethod
00:02:48.980 [TestNG-tests-4] INFO  tests.PaymentMethodTests - Testing negative create payment method of type: Random Card Token
00:02:49.432 [TestNG-tests-1] INFO  tests.CustomerTests - POJO validation passed for retrieved customer: cus_UyCCkzm1P60y4g
00:02:49.432 [TestNG-tests-1] INFO  tests.CustomerTests - Successfully retrieved customer data
00:02:49.433 [TestNG-tests-1] INFO  tests.CustomerTests - ▶ Running: [TC_01_SearchCustomer_ByEmail] | Groups: [customer, regression, create_update_search_retrieve_delete]
00:02:49.433 [TestNG-tests-1] INFO  tests.CustomerTests - Thread=TestNG-tests-1 | Class=CustomerTests | Test=TC_01_SearchCustomer_ByEmail
00:02:49.433 [TestNG-tests-1] INFO  tests.CustomerTests - Testing search customer by email
00:02:49.434 [TestNG-tests-1] INFO  tests.CustomerTests - Searching for customer with email: rueben.oconnell@example.com
00:02:49.499 [TestNG-tests-3] INFO  tests.ConnectedAccountsTest - POJO validation passed for updated connect account: acct_1TyFo1EIoGcPfmf8
00:02:49.499 [TestNG-tests-3] INFO  tests.ConnectedAccountsTest - Successfully updated connect account
00:02:49.499 [TestNG-tests-3] INFO  tests.ConnectedAccountsTest - ▶ Running: [TC_03_positive_Delete_ConnectAccount] | Groups: [connect_account, regression]
00:02:49.500 [TestNG-tests-3] INFO  tests.ConnectedAccountsTest - Thread=TestNG-tests-3 | Class=ConnectedAccountsTest | Test=TC_03_positive_Delete_ConnectAccount
00:02:49.500 [TestNG-tests-3] INFO  tests.ConnectedAccountsTest - Testing delete connect account
00:02:49.500 [TestNG-tests-3] INFO  tests.ConnectedAccountsTest - Using active connect account ID: acct_1TyFo1EIoGcPfmf8
00:02:49.500 [TestNG-tests-3] INFO  tests.ConnectedAccountsTest - Deleting connect account ID: acct_1TyFo1EIoGcPfmf8
00:02:49.564 [TestNG-tests-4] INFO  tests.PaymentMethodTests - Successfully verified negative create payment method rejection
00:02:49.566 [TestNG-tests-4] INFO  tests.PaymentMethodTests - ▶ Running: [TC_03_Attach_Payment_Method] | Groups: [payment_method, regression, create_attach_retrieve_detach, marketplace_e2e, subscription_e2e, saved_card_e2e]
00:02:49.566 [TestNG-tests-4] INFO  tests.PaymentMethodTests - Thread=TestNG-tests-4 | Class=PaymentMethodTests | Test=TC_03_Attach_Payment_Method
00:02:49.566 [TestNG-tests-4] INFO  tests.PaymentMethodTests - Test running under groups: [payment_method, regression, create_attach_retrieve_detach, marketplace_e2e, subscription_e2e, saved_card_e2e]
00:02:49.566 [TestNG-tests-4] INFO  tests.PaymentMethodTests - Testing attach payment method
00:02:49.566 [TestNG-tests-4] INFO  tests.PaymentMethodTests - Customer ID fetched from context: 	null
00:02:49.566 [TestNG-tests-4] INFO  tests.PaymentMethodTests - No customer in TestContext, creating one dynamically
00:02:49.968 [TestNG-tests-1] INFO  tests.CustomerTests - Successfully verified search customer by email
00:02:49.974 [TestNG-tests-1] INFO  tests.CustomerTests - ▶ Running: [TC_01_UpdateCustomer_Name] | Groups: [customer, regression, create_update_search_retrieve_delete]
00:02:49.974 [TestNG-tests-1] INFO  tests.CustomerTests - Thread=TestNG-tests-1 | Class=CustomerTests | Test=TC_01_UpdateCustomer_Name
00:02:49.975 [TestNG-tests-1] INFO  tests.CustomerTests - Testing update customer name: fieldName=name, fieldValue=Gerard Turner, metadata=null
00:02:49.975 [TestNG-tests-1] INFO  tests.CustomerTests - Using Customer ID: cus_UyCCkzm1P60y4g
00:02:50.166 [TestNG-tests-4] INFO  tests.PaymentMethodTests - Created and saved customer to TestContext: cus_UyCCGFJhADQyOs
00:02:50.166 [TestNG-tests-4] INFO  tests.PaymentMethodTests - Attaching payment method: pm_1TyFo1CawgxS6rsgiahRuZGk to customer: cus_UyCCGFJhADQyOs
00:02:50.650 [TestNG-tests-1] INFO  tests.CustomerTests - Successfully updated customer
00:02:50.650 [TestNG-tests-1] INFO  tests.CustomerTests - ▶ Running: [TC_01_UpdateCustomer_Name] | Groups: [customer, regression, create_update_search_retrieve_delete]
00:02:50.650 [TestNG-tests-1] INFO  tests.CustomerTests - Thread=TestNG-tests-1 | Class=CustomerTests | Test=TC_01_UpdateCustomer_Name
00:02:50.651 [TestNG-tests-1] INFO  tests.CustomerTests - Testing update customer name: fieldName=email, fieldValue=juliette.howell@gmail.com, metadata=null
00:02:50.651 [TestNG-tests-1] INFO  tests.CustomerTests - Using Customer ID: cus_UyCCkzm1P60y4g
00:02:51.317 [TestNG-tests-1] INFO  tests.CustomerTests - Successfully updated customer
00:02:51.317 [TestNG-tests-1] INFO  tests.CustomerTests - ▶ Running: [TC_01_UpdateCustomer_Name] | Groups: [customer, regression, create_update_search_retrieve_delete]
00:02:51.317 [TestNG-tests-1] INFO  tests.CustomerTests - Thread=TestNG-tests-1 | Class=CustomerTests | Test=TC_01_UpdateCustomer_Name
00:02:51.318 [TestNG-tests-1] INFO  tests.CustomerTests - Testing update customer name: fieldName=metadata, fieldValue=null, metadata={name=Inez Murphy, source=automation}
00:02:51.318 [TestNG-tests-1] INFO  tests.CustomerTests - Using Customer ID: cus_UyCCkzm1P60y4g
00:02:51.325 [TestNG-tests-3] INFO  tests.ConnectedAccountsTest - Successfully deleted connect account
00:02:51.325 [TestNG-tests-3] INFO  tests.ConnectedAccountsTest - ▶ Running: [TC_04_positive_Retrieve_ConnectAccount] | Groups: [connect_account, regression]
00:02:51.325 [TestNG-tests-3] INFO  tests.ConnectedAccountsTest - Thread=TestNG-tests-3 | Class=ConnectedAccountsTest | Test=TC_04_positive_Retrieve_ConnectAccount
00:02:51.325 [TestNG-tests-3] INFO  tests.ConnectedAccountsTest - Testing retrieve connect account
00:02:51.426 [TestNG-tests-4] INFO  tests.PaymentMethodTests - Successfully attached payment method to customer
00:02:51.427 [TestNG-tests-4] INFO  tests.PaymentMethodTests - ▶ Running: [TC_04_Attach_Invalid_Payment_Method] | Groups: [payment_method, negative, regression]
00:02:51.427 [TestNG-tests-4] INFO  tests.PaymentMethodTests - Thread=TestNG-tests-4 | Class=PaymentMethodTests | Test=TC_04_Attach_Invalid_Payment_Method
00:02:51.428 [TestNG-tests-4] INFO  tests.PaymentMethodTests - Testing attach invalid payment method: customerId=cus_invalid123, paymentMethodId=null
00:02:51.938 [TestNG-tests-1] INFO  tests.CustomerTests - Successfully updated customer
00:02:51.939 [TestNG-tests-1] INFO  tests.CustomerTests - ▶ Running: [TC_02_CreateCustomer_OnlyEmail] | Groups: [customer, regression]
00:02:51.939 [TestNG-tests-1] INFO  tests.CustomerTests - Thread=TestNG-tests-1 | Class=CustomerTests | Test=TC_02_CreateCustomer_OnlyEmail
00:02:51.939 [TestNG-tests-1] INFO  tests.CustomerTests - Testing create customer with only email
00:02:51.939 [TestNG-tests-1] INFO  tests.CustomerTests - Email: talitha.oconner@example.com
00:02:52.026 [TestNG-tests-4] INFO  tests.PaymentMethodTests - Created fallback invalid payment method: pm_1TyFo7CawgxS6rsgPA9O4U6I
00:02:52.026 [TestNG-tests-4] INFO  tests.PaymentMethodTests - Attempting to attach payment method
00:02:52.457 [TestNG-tests-2] INFO  tests.AccountTests - POJO validation passed for account: acct_1TyFo1Cawg6mXxYz
00:02:52.457 [TestNG-tests-2] INFO  tests.AccountTests - Created Account ID: acct_1TyFo1Cawg6mXxYz
00:02:52.460 [TestNG-tests-2] INFO  tests.AccountTests - ▶ Running: [TC_02_CreateAccount_DifferentEntityTypes] | Groups: [accounts, regression]
00:02:52.460 [TestNG-tests-2] INFO  tests.AccountTests - Thread=TestNG-tests-2 | Class=AccountTests | Test=TC_02_CreateAccount_DifferentEntityTypes
00:02:52.461 [TestNG-tests-2] INFO  tests.AccountTests - Testing create account different entity types: Company Entity
00:02:52.568 [TestNG-tests-1] INFO  tests.CustomerTests - Created customer ID: cus_UyCC7bipwdEqsh
00:02:52.569 [TestNG-tests-1] INFO  tests.CustomerTests - ▶ Running: [TC_02_DeleteCustomer_InvalidId] | Groups: [customer, negative, regression]
00:02:52.569 [TestNG-tests-1] INFO  tests.CustomerTests - Thread=TestNG-tests-1 | Class=CustomerTests | Test=TC_02_DeleteCustomer_InvalidId
00:02:52.569 [TestNG-tests-1] INFO  tests.CustomerTests - Testing delete customer with invalid ID
00:02:52.604 [TestNG-tests-4] INFO  tests.PaymentMethodTests - Successfully verified attach invalid payment method rejection
00:02:52.605 [TestNG-tests-4] INFO  tests.PaymentMethodTests - ▶ Running: [TC_04_Attach_Invalid_Payment_Method] | Groups: [payment_method, negative, regression]
00:02:52.605 [TestNG-tests-4] INFO  tests.PaymentMethodTests - Thread=TestNG-tests-4 | Class=PaymentMethodTests | Test=TC_04_Attach_Invalid_Payment_Method
00:02:52.605 [TestNG-tests-4] INFO  tests.PaymentMethodTests - Testing attach invalid payment method: customerId=null, paymentMethodId=pm_invalid123
00:02:53.095 [TestNG-tests-1] INFO  tests.CustomerTests - Successfully verified delete invalid ID rejection
00:02:53.096 [TestNG-tests-1] INFO  tests.CustomerTests - ▶ Running: [TC_02_ListCustomers_WithFilter] | Groups: [customer, regression]
00:02:53.096 [TestNG-tests-1] INFO  tests.CustomerTests - Thread=TestNG-tests-1 | Class=CustomerTests | Test=TC_02_ListCustomers_WithFilter
00:02:53.096 [TestNG-tests-1] INFO  tests.CustomerTests - Testing list customers with limit filter
00:02:53.239 [TestNG-tests-4] INFO  tests.PaymentMethodTests - Created fallback customer ID: cus_UyCCGFJhADQyOs
00:02:53.239 [TestNG-tests-4] INFO  tests.PaymentMethodTests - Attempting to attach payment method
00:02:53.775 [TestNG-tests-4] INFO  tests.PaymentMethodTests - Successfully verified attach invalid payment method rejection
00:02:53.776 [TestNG-tests-4] INFO  tests.PaymentMethodTests - ▶ Running: [TC_04_Attach_Invalid_Payment_Method] | Groups: [payment_method, negative, regression]
00:02:53.776 [TestNG-tests-4] INFO  tests.PaymentMethodTests - Thread=TestNG-tests-4 | Class=PaymentMethodTests | Test=TC_04_Attach_Invalid_Payment_Method
00:02:53.776 [TestNG-tests-4] INFO  tests.PaymentMethodTests - Testing attach invalid payment method: customerId=null, paymentMethodId=pm_invalid123
00:02:54.435 [TestNG-tests-4] INFO  tests.PaymentMethodTests - Created fallback customer ID: cus_UyCCGFJhADQyOs
00:02:54.435 [TestNG-tests-3] INFO  tests.ConnectedAccountsTest - Created fallback connect account ID: acct_1TyFo7Cl2ZC8Kd5M
00:02:54.435 [TestNG-tests-4] INFO  tests.PaymentMethodTests - Attempting to attach payment method
00:02:54.435 [TestNG-tests-3] INFO  tests.ConnectedAccountsTest - Retrieving connect account ID: acct_1TyFo7Cl2ZC8Kd5M
00:02:54.969 [TestNG-tests-4] INFO  tests.PaymentMethodTests - Successfully verified attach invalid payment method rejection
00:02:54.969 [TestNG-tests-4] INFO  tests.PaymentMethodTests - ▶ Running: [TC_04_Attach_Invalid_Payment_Method] | Groups: [payment_method, negative, regression]
00:02:54.969 [TestNG-tests-4] INFO  tests.PaymentMethodTests - Thread=TestNG-tests-4 | Class=PaymentMethodTests | Test=TC_04_Attach_Invalid_Payment_Method
00:02:54.970 [TestNG-tests-4] INFO  tests.PaymentMethodTests - Testing attach invalid payment method: customerId=, paymentMethodId=pm_valid123
00:02:54.970 [TestNG-tests-4] INFO  tests.PaymentMethodTests - Attempting to attach payment method
00:02:55.217 [TestNG-tests-3] INFO  tests.ConnectedAccountsTest - POJO validation passed for retrieved connect account: acct_1TyFo7Cl2ZC8Kd5M
00:02:55.217 [TestNG-tests-3] INFO  tests.ConnectedAccountsTest - Successfully retrieved connect account
00:02:55.218 [TestNG-tests-3] INFO  tests.ConnectedAccountsTest - ▶ Running: [TC_05_negative_Create_ConnectAccount_Invalid] | Groups: [connect_account, negative, regression]
00:02:55.218 [TestNG-tests-3] INFO  tests.ConnectedAccountsTest - Thread=TestNG-tests-3 | Class=ConnectedAccountsTest | Test=TC_05_negative_Create_ConnectAccount_Invalid
00:02:55.219 [TestNG-tests-3] INFO  tests.ConnectedAccountsTest - Running invalid connect account payload case: Invalid Type
00:02:55.537 [TestNG-tests-4] INFO  tests.PaymentMethodTests - Successfully verified attach invalid payment method rejection
00:02:55.538 [TestNG-tests-4] INFO  tests.PaymentMethodTests - ▶ Running: [TC_05_Retrieve_Payment_Method] | Groups: [payment_method, regression, sanity]
00:02:55.538 [TestNG-tests-4] INFO  tests.PaymentMethodTests - Thread=TestNG-tests-4 | Class=PaymentMethodTests | Test=TC_05_Retrieve_Payment_Method
00:02:55.538 [TestNG-tests-4] INFO  tests.PaymentMethodTests - Testing retrieve valid payment method
00:02:55.538 [TestNG-tests-4] INFO  tests.PaymentMethodTests - Using active payment method ID: pm_1TyFo1CawgxS6rsgiahRuZGk
00:02:55.538 [TestNG-tests-4] INFO  tests.PaymentMethodTests - Retrieving payment method ID: pm_1TyFo1CawgxS6rsgiahRuZGk
00:02:55.709 [TestNG-tests-1] INFO  tests.CustomerTests - Successfully retrieved filtered customer list
00:02:55.710 [TestNG-tests-1] INFO  tests.CustomerTests - ▶ Running: [TC_02_RetrieveCustomer_InvalidId] | Groups: [customer, negative, regression]
00:02:55.710 [TestNG-tests-1] INFO  tests.CustomerTests - Thread=TestNG-tests-1 | Class=CustomerTests | Test=TC_02_RetrieveCustomer_InvalidId
00:02:55.710 [TestNG-tests-1] INFO  tests.CustomerTests - Testing retrieve customer with invalid ID
00:02:55.746 [TestNG-tests-3] INFO  tests.ConnectedAccountsTest - ✅ Correctly rejected invalid connect account payload: Invalid Type
00:02:55.747 [TestNG-tests-3] INFO  tests.ConnectedAccountsTest - ▶ Running: [TC_05_negative_Create_ConnectAccount_Invalid] | Groups: [connect_account, negative, regression]
00:02:55.747 [TestNG-tests-3] INFO  tests.ConnectedAccountsTest - Thread=TestNG-tests-3 | Class=ConnectedAccountsTest | Test=TC_05_negative_Create_ConnectAccount_Invalid
00:02:55.747 [TestNG-tests-3] INFO  tests.ConnectedAccountsTest - Running invalid connect account payload case: Invalid Email Format
00:02:56.092 [TestNG-tests-4] INFO  tests.PaymentMethodTests - POJO validation passed for retrieved payment method: pm_1TyFo1CawgxS6rsgiahRuZGk
00:02:56.092 [TestNG-tests-4] INFO  tests.PaymentMethodTests - Successfully retrieved payment method
00:02:56.093 [TestNG-tests-4] INFO  tests.PaymentMethodTests - ▶ Running: [TC_06_Retrieve_Invalid_Payment_Method] | Groups: [payment_method, regression]
00:02:56.093 [TestNG-tests-4] INFO  tests.PaymentMethodTests - Thread=TestNG-tests-4 | Class=PaymentMethodTests | Test=TC_06_Retrieve_Invalid_Payment_Method
00:02:56.093 [TestNG-tests-4] INFO  tests.PaymentMethodTests - Testing retrieve invalid payment method
00:02:56.268 [TestNG-tests-3] INFO  tests.ConnectedAccountsTest - ✅ Correctly rejected invalid connect account payload: Invalid Email Format
00:02:56.269 [TestNG-tests-3] INFO  tests.ConnectedAccountsTest - ▶ Running: [TC_05_negative_Create_ConnectAccount_Invalid] | Groups: [connect_account, negative, regression]
00:02:56.269 [TestNG-tests-3] INFO  tests.ConnectedAccountsTest - Thread=TestNG-tests-3 | Class=ConnectedAccountsTest | Test=TC_05_negative_Create_ConnectAccount_Invalid
00:02:56.269 [TestNG-tests-3] INFO  tests.ConnectedAccountsTest - Running invalid connect account payload case: Invalid Country Code
00:02:56.272 [TestNG-tests-1] INFO  tests.CustomerTests - Successfully verified retrieve invalid ID rejection
00:02:56.272 [TestNG-tests-1] INFO  tests.CustomerTests - ▶ Running: [TC_02_SearchCustomer_ByInvalidEmail] | Groups: [customer, negative, regression]
00:02:56.273 [TestNG-tests-1] INFO  tests.CustomerTests - Thread=TestNG-tests-1 | Class=CustomerTests | Test=TC_02_SearchCustomer_ByInvalidEmail
00:02:56.273 [TestNG-tests-1] INFO  tests.CustomerTests - Testing search customer by non-existing email
00:02:56.644 [TestNG-tests-4] INFO  tests.PaymentMethodTests - Successfully verified retrieve invalid payment method rejection
00:02:56.645 [TestNG-tests-4] INFO  tests.PaymentMethodTests - ▶ Running: [TC_07_Retrieve_Valid_Payment_Method_By_Customer] | Groups: [payment_method, regression, create_attach_retrieve_detach]
00:02:56.645 [TestNG-tests-4] INFO  tests.PaymentMethodTests - Thread=TestNG-tests-4 | Class=PaymentMethodTests | Test=TC_07_Retrieve_Valid_Payment_Method_By_Customer
00:02:56.645 [TestNG-tests-4] INFO  tests.PaymentMethodTests - Testing retrieve valid payment method by customer
00:02:56.645 [TestNG-tests-4] INFO  tests.PaymentMethodTests - Retrieving payment method: pm_1TyFo1CawgxS6rsgiahRuZGk by customer: cus_UyCCGFJhADQyOs
00:02:56.801 [TestNG-tests-1] INFO  tests.CustomerTests - Successfully verified non-existing email search returns empty
00:02:56.801 [TestNG-tests-3] INFO  tests.ConnectedAccountsTest - ✅ Correctly rejected invalid connect account payload: Invalid Country Code
00:02:56.801 [TestNG-tests-1] INFO  tests.CustomerTests - ▶ Running: [TC_02_UpdateCustomer_InvalidId] | Groups: [customer, negative, regression]
00:02:56.801 [TestNG-tests-1] INFO  tests.CustomerTests - Thread=TestNG-tests-1 | Class=CustomerTests | Test=TC_02_UpdateCustomer_InvalidId
00:02:56.802 [TestNG-tests-3] INFO  tests.ConnectedAccountsTest - ▶ Running: [TC_06_negative_Retrieve_ConnectAccount_InvalidId] | Groups: [connect_account, negative, regression]
00:02:56.802 [TestNG-tests-3] INFO  tests.ConnectedAccountsTest - Thread=TestNG-tests-3 | Class=ConnectedAccountsTest | Test=TC_06_negative_Retrieve_ConnectAccount_InvalidId
00:02:56.802 [TestNG-tests-1] INFO  tests.CustomerTests - Testing update customer with invalid ID
00:02:56.802 [TestNG-tests-3] INFO  tests.ConnectedAccountsTest - Retrieving invalid connect account ID: acct_invalid_12345
00:02:57.108 [TestNG-tests-3] INFO  tests.ConnectedAccountsTest - ✅ Correctly rejected retrieval of invalid connect account ID: acct_invalid_12345
00:02:57.108 [TestNG-tests-3] INFO  tests.ConnectedAccountsTest - ▶ Running: [TC_06_negative_Retrieve_ConnectAccount_InvalidId] | Groups: [connect_account, negative, regression]
00:02:57.109 [TestNG-tests-3] INFO  tests.ConnectedAccountsTest - Thread=TestNG-tests-3 | Class=ConnectedAccountsTest | Test=TC_06_negative_Retrieve_ConnectAccount_InvalidId
00:02:57.109 [TestNG-tests-3] INFO  tests.ConnectedAccountsTest - Retrieving invalid connect account ID: garbage_not_an_account
00:02:57.205 [TestNG-tests-4] INFO  tests.PaymentMethodTests - Successfully retrieved payment method by customer
00:02:57.205 [TestNG-tests-4] INFO  tests.PaymentMethodTests - ▶ Running: [TC_08_Retrieve_InValid_Payment_Method_By_Customer] | Groups: [payment_method, negative, regression]
00:02:57.205 [TestNG-tests-4] INFO  tests.PaymentMethodTests - Thread=TestNG-tests-4 | Class=PaymentMethodTests | Test=TC_08_Retrieve_InValid_Payment_Method_By_Customer
00:02:57.206 [TestNG-tests-4] INFO  tests.PaymentMethodTests - Testing retrieve invalid payment method by customer: customerId=cust123, paymentMethodId=pay123
00:02:57.343 [TestNG-tests-1] INFO  tests.CustomerTests - Successfully verified invalid ID update rejection
00:02:57.344 [TestNG-tests-1] INFO  tests.CustomerTests - ▶ Running: [TC_03_DeleteCustomer_AlreadyDeleted] | Groups: [customer, negative, regression]
00:02:57.344 [TestNG-tests-1] INFO  tests.CustomerTests - Thread=TestNG-tests-1 | Class=CustomerTests | Test=TC_03_DeleteCustomer_AlreadyDeleted
00:02:57.344 [TestNG-tests-1] INFO  tests.CustomerTests - Testing delete already deleted customer
00:02:57.408 [TestNG-tests-3] INFO  tests.ConnectedAccountsTest - ✅ Correctly rejected retrieval of invalid connect account ID: garbage_not_an_account
00:02:57.408 [TestNG-tests-3] INFO  tests.ConnectedAccountsTest - ▶ Running: [TC_06_negative_Retrieve_ConnectAccount_InvalidId] | Groups: [connect_account, negative, regression]
00:02:57.408 [TestNG-tests-3] INFO  tests.ConnectedAccountsTest - Thread=TestNG-tests-3 | Class=ConnectedAccountsTest | Test=TC_06_negative_Retrieve_ConnectAccount_InvalidId
00:02:57.409 [TestNG-tests-3] INFO  tests.ConnectedAccountsTest - Retrieving invalid connect account ID: acct_00000000000000
00:02:57.718 [TestNG-tests-3] INFO  tests.ConnectedAccountsTest - ✅ Correctly rejected retrieval of invalid connect account ID: acct_00000000000000
00:02:57.718 [TestNG-tests-3] INFO  tests.ConnectedAccountsTest - ▶ Running: [TC_07_negative_Update_ConnectAccount_NonexistentId] | Groups: [connect_account, negative, regression]
00:02:57.718 [TestNG-tests-3] INFO  tests.ConnectedAccountsTest - Thread=TestNG-tests-3 | Class=ConnectedAccountsTest | Test=TC_07_negative_Update_ConnectAccount_NonexistentId
00:02:57.719 [TestNG-tests-3] INFO  tests.ConnectedAccountsTest - Updating nonexistent connect account
00:02:57.770 [TestNG-tests-4] INFO  tests.PaymentMethodTests - Successfully verified retrieve invalid payment method by customer rejection
00:02:57.770 [TestNG-tests-4] INFO  tests.PaymentMethodTests - ▶ Running: [TC_08_Retrieve_InValid_Payment_Method_By_Customer] | Groups: [payment_method, negative, regression]
00:02:57.770 [TestNG-tests-4] INFO  tests.PaymentMethodTests - Thread=TestNG-tests-4 | Class=PaymentMethodTests | Test=TC_08_Retrieve_InValid_Payment_Method_By_Customer
00:02:57.771 [TestNG-tests-4] INFO  tests.PaymentMethodTests - Testing retrieve invalid payment method by customer: customerId=cust123, paymentMethodId=null
00:02:58.013 [TestNG-tests-1] INFO  tests.CustomerTests - Deleting Customer ID first: cus_UyCCb5j5LRWtyl
00:02:58.015 [TestNG-tests-3] INFO  tests.ConnectedAccountsTest - ✅ Correctly rejected updating nonexistent connect account
00:02:58.016 [TestNG-tests-3] INFO  tests.ConnectedAccountsTest - ▶ Running: [TC_08_negative_Update_ConnectAccount_InvalidParams] | Groups: [connect_account, negative, regression]
00:02:58.016 [TestNG-tests-3] INFO  tests.ConnectedAccountsTest - Thread=TestNG-tests-3 | Class=ConnectedAccountsTest | Test=TC_08_negative_Update_ConnectAccount_InvalidParams
00:02:58.017 [TestNG-tests-3] INFO  tests.ConnectedAccountsTest - Running invalid update connect account case: Invalid Default Currency
00:02:58.351 [TestNG-tests-4] INFO  tests.PaymentMethodTests - Created fallback payment method ID: pm_1TyFoDCawgxS6rsg6rXiqDq3
00:02:58.744 [TestNG-tests-1] INFO  tests.CustomerTests - Deleting Customer ID second time: cus_UyCCb5j5LRWtyl
00:02:58.902 [TestNG-tests-4] INFO  tests.PaymentMethodTests - Successfully verified retrieve invalid payment method by customer rejection
00:02:58.903 [TestNG-tests-4] INFO  tests.PaymentMethodTests - ▶ Running: [TC_08_Retrieve_InValid_Payment_Method_By_Customer] | Groups: [payment_method, negative, regression]
00:02:58.903 [TestNG-tests-4] INFO  tests.PaymentMethodTests - Thread=TestNG-tests-4 | Class=PaymentMethodTests | Test=TC_08_Retrieve_InValid_Payment_Method_By_Customer
00:02:58.903 [TestNG-tests-4] INFO  tests.PaymentMethodTests - Testing retrieve invalid payment method by customer: customerId=null, paymentMethodId=cust123
00:02:59.318 [TestNG-tests-1] INFO  tests.CustomerTests - Successfully verified delete already deleted customer rejection
00:02:59.319 [TestNG-tests-1] INFO  tests.CustomerTests - ▶ Running: [TC_03_ListCustomers_WithPagination] | Groups: [customer, regression]
00:02:59.319 [TestNG-tests-1] INFO  tests.CustomerTests - Thread=TestNG-tests-1 | Class=CustomerTests | Test=TC_03_ListCustomers_WithPagination
00:02:59.319 [TestNG-tests-1] INFO  tests.CustomerTests - Testing list customers with pagination starting_after
00:02:59.507 [TestNG-tests-4] INFO  tests.PaymentMethodTests - Created fallback customer ID: cus_UyCCQ6LnPmleO1
00:02:59.594 [TestNG-tests-2] INFO  tests.AccountTests - Created Account ID: acct_1TyFo8CawgYbJKt7
00:02:59.595 [TestNG-tests-2] INFO  tests.AccountTests - ▶ Running: [TC_02_CreateAccount_DifferentEntityTypes] | Groups: [accounts, regression]
00:02:59.595 [TestNG-tests-2] INFO  tests.AccountTests - Thread=TestNG-tests-2 | Class=AccountTests | Test=TC_02_CreateAccount_DifferentEntityTypes
00:02:59.595 [TestNG-tests-2] INFO  tests.AccountTests - Testing create account different entity types: Individual Entity
00:03:00.038 [TestNG-tests-4] INFO  tests.PaymentMethodTests - Successfully verified retrieve invalid payment method by customer rejection
00:03:00.040 [TestNG-tests-4] INFO  tests.PaymentMethodTests - ▶ Running: [TC_08_Retrieve_InValid_Payment_Method_By_Customer] | Groups: [payment_method, negative, regression]
00:03:00.040 [TestNG-tests-4] INFO  tests.PaymentMethodTests - Thread=TestNG-tests-4 | Class=PaymentMethodTests | Test=TC_08_Retrieve_InValid_Payment_Method_By_Customer
00:03:00.040 [TestNG-tests-4] INFO  tests.PaymentMethodTests - Testing retrieve invalid payment method by customer: customerId=, paymentMethodId=
00:03:00.985 [TestNG-tests-3] INFO  tests.ConnectedAccountsTest - Created fallback connect account ID: acct_1TyFoECqoy52g445
00:03:01.095 [TestNG-tests-4] INFO  tests.PaymentMethodTests - Successfully verified retrieve invalid payment method by customer rejection
00:03:01.097 [TestNG-tests-4] INFO  tests.PaymentMethodTests - ▶ Running: [TC_09_Detach_Payment_Method] | Groups: [payment_method, regression, create_attach_retrieve_detach]
00:03:01.097 [TestNG-tests-4] INFO  tests.PaymentMethodTests - Thread=TestNG-tests-4 | Class=PaymentMethodTests | Test=TC_09_Detach_Payment_Method
00:03:01.098 [TestNG-tests-4] INFO  tests.PaymentMethodTests - Testing detach payment method
00:03:01.482 [TestNG-tests-1] INFO  tests.CustomerTests - Using starting_after cursor: cus_UyCCQ6LnPmleO1
00:03:01.709 [TestNG-tests-4] INFO  tests.PaymentMethodTests - Created temporary payment method ID: pm_1TyFoHCawgxS6rsgHvNdCK5S
00:03:01.709 [TestNG-tests-4] INFO  tests.PaymentMethodTests - Attaching payment method to customer
00:03:02.233 [TestNG-tests-3] INFO  tests.ConnectedAccountsTest - ✅ Correctly rejected invalid update payload: Invalid Default Currency
00:03:02.234 [TestNG-tests-3] INFO  tests.ConnectedAccountsTest - ▶ Running: [TC_09_negative_Delete_ConnectAccount_InvalidId] | Groups: [connect_account, negative, regression]
00:03:02.234 [TestNG-tests-3] INFO  tests.ConnectedAccountsTest - Thread=TestNG-tests-3 | Class=ConnectedAccountsTest | Test=TC_09_negative_Delete_ConnectAccount_InvalidId
00:03:02.235 [TestNG-tests-3] INFO  tests.ConnectedAccountsTest - Deleting invalid connect account ID: acct_invalid_12345
00:03:02.560 [TestNG-tests-3] INFO  tests.ConnectedAccountsTest - ✅ Correctly rejected deleting invalid connect account ID: acct_invalid_12345
00:03:02.561 [TestNG-tests-3] INFO  tests.ConnectedAccountsTest - ▶ Running: [TC_09_negative_Delete_ConnectAccount_InvalidId] | Groups: [connect_account, negative, regression]
00:03:02.561 [TestNG-tests-3] INFO  tests.ConnectedAccountsTest - Thread=TestNG-tests-3 | Class=ConnectedAccountsTest | Test=TC_09_negative_Delete_ConnectAccount_InvalidId
00:03:02.561 [TestNG-tests-3] INFO  tests.ConnectedAccountsTest - Deleting invalid connect account ID: garbage_not_an_account
00:03:02.656 [TestNG-tests-4] INFO  tests.PaymentMethodTests - Detaching payment method ID: pm_1TyFoHCawgxS6rsgHvNdCK5S
00:03:02.850 [TestNG-tests-1] INFO  tests.CustomerTests - Successfully verified customer list pagination
00:03:02.850 [TestNG-tests-1] INFO  tests.CustomerTests - ▶ Running: [TC_03_RetrieveCustomer_MissingAuth] | Groups: [customer, negative, auth, regression]
00:03:02.850 [TestNG-tests-1] INFO  tests.CustomerTests - Thread=TestNG-tests-1 | Class=CustomerTests | Test=TC_03_RetrieveCustomer_MissingAuth
00:03:02.851 [TestNG-tests-1] INFO  tests.CustomerTests - Testing retrieve customer with missing auth
00:03:02.851 [TestNG-tests-1] INFO  tests.CustomerTests - Using Customer ID: cus_UyCCkzm1P60y4g
00:03:02.888 [TestNG-tests-3] INFO  tests.ConnectedAccountsTest - ✅ Correctly rejected deleting invalid connect account ID: garbage_not_an_account
00:03:02.889 [TestNG-tests-3] INFO  tests.ConnectedAccountsTest - ▶ Running: [TC_09_negative_Delete_ConnectAccount_InvalidId] | Groups: [connect_account, negative, regression]
00:03:02.889 [TestNG-tests-3] INFO  tests.ConnectedAccountsTest - Thread=TestNG-tests-3 | Class=ConnectedAccountsTest | Test=TC_09_negative_Delete_ConnectAccount_InvalidId
00:03:02.889 [TestNG-tests-3] INFO  tests.ConnectedAccountsTest - Deleting invalid connect account ID: acct_00000000000000
00:03:03.185 [TestNG-tests-1] INFO  tests.CustomerTests - Successfully verified retrieve missing auth rejection
00:03:03.186 [TestNG-tests-1] INFO  tests.CustomerTests - ▶ Running: [TC_03_SearchCustomer_ByInvalidQuerySyntax] | Groups: [customer, negative, regression]
00:03:03.186 [TestNG-tests-1] INFO  tests.CustomerTests - Thread=TestNG-tests-1 | Class=CustomerTests | Test=TC_03_SearchCustomer_ByInvalidQuerySyntax
00:03:03.187 [TestNG-tests-1] INFO  tests.CustomerTests - Testing search customer with invalid query syntax
00:03:03.213 [TestNG-tests-3] INFO  tests.ConnectedAccountsTest - ✅ Correctly rejected deleting invalid connect account ID: acct_00000000000000
00:03:03.213 [TestNG-tests-3] INFO  tests.ConnectedAccountsTest - ▶ Running: [TC_10_negative_Delete_ConnectAccount_AlreadyDeleted] | Groups: [connect_account, negative, regression]
00:03:03.213 [TestNG-tests-3] INFO  tests.ConnectedAccountsTest - Thread=TestNG-tests-3 | Class=ConnectedAccountsTest | Test=TC_10_negative_Delete_ConnectAccount_AlreadyDeleted
00:03:03.214 [TestNG-tests-3] INFO  tests.ConnectedAccountsTest - Deleting already deleted connect account
00:03:03.323 [TestNG-tests-4] INFO  tests.PaymentMethodTests - Successfully detached payment method
00:03:03.324 [TestNG-tests-4] INFO  tests.PaymentMethodTests - ▶ Running: [TC_10_negative_Detach_Payment_Method] | Groups: [payment_method, negative, regression]
00:03:03.324 [TestNG-tests-4] INFO  tests.PaymentMethodTests - Thread=TestNG-tests-4 | Class=PaymentMethodTests | Test=TC_10_negative_Detach_Payment_Method
00:03:03.324 [TestNG-tests-4] INFO  tests.PaymentMethodTests - Testing negative detach payment method: ***
00:03:03.325 [TestNG-tests-4] INFO  tests.PaymentMethodTests - Attempting detach payment method: ***
00:03:03.732 [TestNG-tests-1] INFO  tests.CustomerTests - Successfully verified invalid query syntax rejection
00:03:03.733 [TestNG-tests-1] INFO  tests.CustomerTests - ▶ Running: [TC_03_UpdateCustomer_InvalidAuth] | Groups: [customer, negative, auth, regression]
00:03:03.733 [TestNG-tests-1] INFO  tests.CustomerTests - Thread=TestNG-tests-1 | Class=CustomerTests | Test=TC_03_UpdateCustomer_InvalidAuth
00:03:03.733 [TestNG-tests-1] INFO  tests.CustomerTests - Testing update customer with invalid auth
00:03:03.733 [TestNG-tests-1] INFO  tests.CustomerTests - Using Customer ID: cus_UyCCkzm1P60y4g
00:03:03.884 [TestNG-tests-4] INFO  tests.PaymentMethodTests - Successfully verified negative detach rejection: No such PaymentMethod
00:03:03.885 [TestNG-tests-4] INFO  tests.PaymentMethodTests - ▶ Running: [TC_10_negative_Detach_Payment_Method] | Groups: [payment_method, negative, regression]
00:03:03.885 [TestNG-tests-4] INFO  tests.PaymentMethodTests - Thread=TestNG-tests-4 | Class=PaymentMethodTests | Test=TC_10_negative_Detach_Payment_Method
00:03:03.885 [TestNG-tests-4] INFO  tests.PaymentMethodTests - Testing negative detach payment method: pm_1234567890abcdef
00:03:03.885 [TestNG-tests-4] INFO  tests.PaymentMethodTests - Attempting detach payment method: pm_1234567890abcdef
00:03:04.059 [TestNG-tests-1] INFO  tests.CustomerTests - Successfully verified invalid auth update rejection
00:03:04.061 [TestNG-tests-1] INFO  tests.CustomerTests - ▶ Running: [TC_04_CreateCustomer_InvalidApiKey] | Groups: [customer, negative, regression]
00:03:04.061 [TestNG-tests-1] INFO  tests.CustomerTests - Thread=TestNG-tests-1 | Class=CustomerTests | Test=TC_04_CreateCustomer_InvalidApiKey
00:03:04.061 [TestNG-tests-1] INFO  tests.CustomerTests - Testing create customer with invalid API key
00:03:04.384 [TestNG-tests-1] INFO  tests.CustomerTests - Successfully verified invalid API key rejection
00:03:04.385 [TestNG-tests-1] INFO  tests.CustomerTests - ▶ Running: [TC_04_DeleteCustomer_MissingAuth] | Groups: [customer, negative, auth, regression]
00:03:04.385 [TestNG-tests-1] INFO  tests.CustomerTests - Thread=TestNG-tests-1 | Class=CustomerTests | Test=TC_04_DeleteCustomer_MissingAuth
00:03:04.385 [TestNG-tests-1] INFO  tests.CustomerTests - Testing delete customer with missing auth
00:03:04.489 [TestNG-tests-4] INFO  tests.PaymentMethodTests - Successfully verified negative detach rejection: No such PaymentMethod
00:03:04.489 [TestNG-tests-4] INFO  tests.PaymentMethodTests - ▶ Running: [TC_10_negative_Detach_Payment_Method] | Groups: [payment_method, negative, regression]
00:03:04.489 [TestNG-tests-4] INFO  tests.PaymentMethodTests - Thread=TestNG-tests-4 | Class=PaymentMethodTests | Test=TC_10_negative_Detach_Payment_Method
00:03:04.489 [TestNG-tests-4] INFO  tests.PaymentMethodTests - Testing negative detach payment method: SETUP_ALREADY_DETACHED
00:03:05.032 [TestNG-tests-1] INFO  tests.CustomerTests - Using Customer ID: cus_UyCCqTuHFJkLuS
00:03:05.105 [TestNG-tests-4] INFO  tests.PaymentMethodTests - Setup: Created valid temporary payment method ID: pm_1TyFoKCawgxS6rsgxEXjB7w2
00:03:05.105 [TestNG-tests-4] INFO  tests.PaymentMethodTests - Setup: Attaching temporary payment method
00:03:05.343 [TestNG-tests-1] INFO  tests.CustomerTests - Successfully verified delete missing auth rejection
00:03:05.345 [TestNG-tests-1] INFO  tests.CustomerTests - ▶ Running: [TC_04_ListCustomers_WithInvalidToken] | Groups: [customer, negative, auth, regression]
00:03:05.345 [TestNG-tests-1] INFO  tests.CustomerTests - Thread=TestNG-tests-1 | Class=CustomerTests | Test=TC_04_ListCustomers_WithInvalidToken
00:03:05.345 [TestNG-tests-1] INFO  tests.CustomerTests - Testing list customers with invalid token
00:03:05.721 [TestNG-tests-1] INFO  tests.CustomerTests - Successfully verified list customers invalid token rejection
00:03:05.721 [TestNG-tests-1] INFO  tests.CustomerTests - ▶ Running: [TC_04_Retrieve_Deleted_Customer] | Groups: [customer, negative, regression]
00:03:05.722 [TestNG-tests-1] INFO  tests.CustomerTests - Thread=TestNG-tests-1 | Class=CustomerTests | Test=TC_04_Retrieve_Deleted_Customer
00:03:05.722 [TestNG-tests-1] INFO  tests.CustomerTests - Testing retrieve deleted customer
00:03:06.148 [TestNG-tests-3] INFO  tests.ConnectedAccountsTest - Created connect account ID: acct_1TyFoJClkl3WPpiE
00:03:06.148 [TestNG-tests-3] INFO  tests.ConnectedAccountsTest - Performing first deletion of ID: acct_1TyFoJClkl3WPpiE
00:03:06.306 [TestNG-tests-4] INFO  tests.PaymentMethodTests - Setup: Performing first detach
00:03:06.439 [TestNG-tests-1] INFO  tests.CustomerTests - Deleting Customer ID: cus_UyCCQEVoaYZaMf
00:03:06.756 [TestNG-tests-2] INFO  tests.AccountTests - Created Account ID: acct_1TyFoFCawgwbJSXS
00:03:06.757 [TestNG-tests-2] INFO  tests.AccountTests - ▶ Running: [TC_02_CreateAccount_DifferentEntityTypes] | Groups: [accounts, regression]
00:03:06.757 [TestNG-tests-2] INFO  tests.AccountTests - Thread=TestNG-tests-2 | Class=AccountTests | Test=TC_02_CreateAccount_DifferentEntityTypes
00:03:06.758 [TestNG-tests-2] INFO  tests.AccountTests - Testing create account different entity types: Non-Profit Entity
00:03:06.976 [TestNG-tests-4] INFO  tests.PaymentMethodTests - Attempting detach payment method: pm_1TyFoKCawgxS6rsgxEXjB7w2
00:03:07.816 [TestNG-tests-4] INFO  tests.PaymentMethodTests - Successfully verified negative detach rejection: not attached to a customer
00:03:07.817 [TestNG-tests-4] INFO  tests.PaymentMethodTests - Cleaning up 1 created customers
00:03:07.817 [TestNG-tests-4] INFO  tests.PaymentMethodTests - Deleting customer ID: cus_UyCCQ6LnPmleO1
00:03:07.985 [TestNG-tests-1] INFO  tests.CustomerTests - Successfully verified retrieve deleted customer rejection
00:03:07.986 [TestNG-tests-1] INFO  tests.CustomerTests - ▶ Running: [TC_04_SearchCustomer_ByInvalidToken] | Groups: [customer, negative, auth, regression]
00:03:07.986 [TestNG-tests-1] INFO  tests.CustomerTests - Thread=TestNG-tests-1 | Class=CustomerTests | Test=TC_04_SearchCustomer_ByInvalidToken
00:03:07.986 [TestNG-tests-1] INFO  tests.CustomerTests - Testing search customer with invalid token
00:03:08.126 [TestNG-tests-3] INFO  tests.ConnectedAccountsTest - First deletion succeeded
00:03:08.126 [TestNG-tests-3] INFO  tests.ConnectedAccountsTest - Performing second deletion of ID: acct_1TyFoJClkl3WPpiE
00:03:08.316 [TestNG-tests-1] INFO  tests.CustomerTests - Successfully verified search customer invalid token rejection
00:03:08.316 [TestNG-tests-1] INFO  tests.CustomerTests - ▶ Running: [TC_04_UpdateCustomer_MissingAuth] | Groups: [customer, negative, auth, regression]
00:03:08.317 [TestNG-tests-1] INFO  tests.CustomerTests - Thread=TestNG-tests-1 | Class=CustomerTests | Test=TC_04_UpdateCustomer_MissingAuth
00:03:08.317 [TestNG-tests-1] INFO  tests.CustomerTests - Testing update customer with missing auth
00:03:08.317 [TestNG-tests-1] INFO  tests.CustomerTests - Using Customer ID: cus_UyCCkzm1P60y4g
00:03:08.548 [TestNG-tests-4] INFO  tests.PaymentMethodTests - Cleaning up 1 created payment Methods
00:03:08.548 [TestNG-tests-4] INFO  tests.PaymentMethodTests - Deleting payment method ID: pm_1TyFoDCawgxS6rsg6rXiqDq3
00:03:08.612 [TestNG-tests-1] INFO  tests.CustomerTests - Successfully verified missing auth update rejection
00:03:08.614 [TestNG-tests-1] INFO  tests.CustomerTests - ▶ Running: [TC_05_CreateCustomer_InvalidEmailFormat] | Groups: [customer, negative, regression]
00:03:08.614 [TestNG-tests-1] INFO  tests.CustomerTests - Thread=TestNG-tests-1 | Class=CustomerTests | Test=TC_05_CreateCustomer_InvalidEmailFormat
00:03:08.614 [TestNG-tests-1] INFO  tests.CustomerTests - Testing create customer with invalid email format
00:03:08.684 [TestNG-tests-3] INFO  tests.ConnectedAccountsTest - ✅ Correctly rejected deleting already deleted connect account
00:03:08.685 [TestNG-tests-3] INFO  tests.ConnectedAccountsTest - ▶ Running: [TC_11_positive_Link_Account] | Groups: [connect_account, regression]
00:03:08.685 [TestNG-tests-3] INFO  tests.ConnectedAccountsTest - Thread=TestNG-tests-3 | Class=ConnectedAccountsTest | Test=TC_11_positive_Link_Account
00:03:08.685 [TestNG-tests-3] INFO  tests.ConnectedAccountsTest - Testing positive link account
00:03:09.142 [TestNG-tests-1] INFO  tests.CustomerTests - Successfully verified invalid email format rejection
00:03:09.143 [TestNG-tests-1] INFO  tests.CustomerTests - ▶ Running: [TC_05_UpdateCustomer_DeletedCustomer] | Groups: [customer, negative, regression]
00:03:09.143 [TestNG-tests-1] INFO  tests.CustomerTests - Thread=TestNG-tests-1 | Class=CustomerTests | Test=TC_05_UpdateCustomer_DeletedCustomer
00:03:09.143 [TestNG-tests-1] INFO  tests.CustomerTests - Testing update deleted customer
00:03:09.254 [TestNG-tests-4] INFO  tests.PaymentIntentTests - ▶ Running: [TC_01_positive_Create_Payment_Intent] | Groups: [payment_intent, regression, create_cancel_paymentIntent, create_confirm_paymentIntent, marketplace_e2e, smoke]
00:03:09.254 [TestNG-tests-4] INFO  tests.PaymentIntentTests - Thread=TestNG-tests-4 | Class=PaymentIntentTests | Test=TC_01_positive_Create_Payment_Intent
00:03:09.255 [TestNG-tests-4] INFO  tests.PaymentIntentTests - Test running under groups: [payment_intent, regression, create_cancel_paymentIntent, create_confirm_paymentIntent, marketplace_e2e, smoke]
00:03:09.255 [TestNG-tests-4] INFO  tests.PaymentIntentTests - Intial paymentMethodId fetch --> 	pm_1TyFo1CawgxS6rsgiahRuZGk
00:03:09.255 [TestNG-tests-4] INFO  tests.PaymentIntentTests - Fetched customerId from context --> 	cus_UyCCGFJhADQyOs
00:03:09.789 [TestNG-tests-1] INFO  tests.CustomerTests - Deleting customer first: cus_UyCCGB0ovYxoSS
00:03:10.012 [TestNG-tests-4] INFO  tests.PaymentIntentTests - Created paymentIntentId --> 	pi_3TyFoPCawgxS6rsg0YRDQ5AD
00:03:10.018 [TestNG-tests-4] INFO  tests.PaymentIntentTests - POJO validation passed for payment intent: pi_3TyFoPCawgxS6rsg0YRDQ5AD
00:03:10.018 [TestNG-tests-4] INFO  tests.PaymentIntentTests - paymentIntentId set in context pi_3TyFoPCawgxS6rsg0YRDQ5AD
00:03:10.018 [TestNG-tests-4] INFO  tests.PaymentIntentTests - ▶ Running: [TC_02_negative_Create_Payment_Intent] | Groups: [payment_intent, negative, regression, invalid_card_payment_intent]
00:03:10.018 [TestNG-tests-4] INFO  tests.PaymentIntentTests - Thread=TestNG-tests-4 | Class=PaymentIntentTests | Test=TC_02_negative_Create_Payment_Intent
00:03:10.019 [TestNG-tests-4] INFO  tests.PaymentIntentTests - Running negative create payment intent test: Card Payment Method
00:03:10.641 [TestNG-tests-4] INFO  tests.PaymentIntentTests - Created invalid payment method ID: pm_1TyFoQCawgxS6rsg20fN78j7
00:03:10.641 [TestNG-tests-4] INFO  tests.PaymentIntentTests - Creating payment intent and confirming with invalid payment method
00:03:11.101 [TestNG-tests-1] INFO  tests.CustomerTests - Successfully verified update deleted customer rejection
00:03:11.101 [TestNG-tests-1] INFO  tests.CustomerTests - ▶ Running: [TC_06_CreateCustomer_MissingAuth] | Groups: [customer, negative, auth, regression]
00:03:11.101 [TestNG-tests-1] INFO  tests.CustomerTests - Thread=TestNG-tests-1 | Class=CustomerTests | Test=TC_06_CreateCustomer_MissingAuth
00:03:11.102 [TestNG-tests-1] INFO  tests.CustomerTests - Testing create customer with missing auth
00:03:11.408 [TestNG-tests-1] INFO  tests.CustomerTests - Successfully verified missing auth rejection
00:03:11.409 [TestNG-tests-1] INFO  tests.CustomerTests - ▶ Running: [TC_07_CreateCustomer_DuplicateEmail] | Groups: [customer, regression]
00:03:11.409 [TestNG-tests-1] INFO  tests.CustomerTests - Thread=TestNG-tests-1 | Class=CustomerTests | Test=TC_07_CreateCustomer_DuplicateEmail
00:03:11.409 [TestNG-tests-1] INFO  tests.CustomerTests - Testing create customer with duplicate email
00:03:11.409 [TestNG-tests-1] INFO  tests.CustomerTests - Name: Leo Larson, Email: shelly.brekke@example.com
00:03:11.409 [TestNG-tests-1] INFO  tests.CustomerTests - Creating first customer
00:03:11.799 [TestNG-tests-3] INFO  tests.ConnectedAccountsTest - Created fallback connect account ID: acct_1TyFoOEDpMBc2FYn
00:03:11.799 [TestNG-tests-3] INFO  tests.ConnectedAccountsTest - Linking account ID: acct_1TyFoOEDpMBc2FYn
00:03:12.023 [TestNG-tests-1] INFO  tests.CustomerTests - First Customer ID: cus_UyCCeAYmiOlZx3
00:03:12.023 [TestNG-tests-1] INFO  tests.CustomerTests - Creating second customer with duplicate email
00:03:12.369 [TestNG-tests-4] INFO  tests.PaymentIntentTests - Successfully verified payment intent creation fails with error code: card_declined
00:03:12.370 [TestNG-tests-4] INFO  tests.PaymentIntentTests - ▶ Running: [TC_02_negative_Create_Payment_Intent] | Groups: [payment_intent, negative, regression, invalid_card_payment_intent]
00:03:12.370 [TestNG-tests-4] INFO  tests.PaymentIntentTests - Thread=TestNG-tests-4 | Class=PaymentIntentTests | Test=TC_02_negative_Create_Payment_Intent
00:03:12.370 [TestNG-tests-4] INFO  tests.PaymentIntentTests - Running negative create payment intent test: Card Payment Method
00:03:12.598 [TestNG-tests-3] INFO  tests.ConnectedAccountsTest - Successfully linked account and verified URL exists
00:03:12.598 [TestNG-tests-3] INFO  tests.ConnectedAccountsTest - ▶ Running: [TC_12_negative_Link_Account_Invalid] | Groups: [connect_account, negative, regression]
00:03:12.598 [TestNG-tests-3] INFO  tests.ConnectedAccountsTest - Thread=TestNG-tests-3 | Class=ConnectedAccountsTest | Test=TC_12_negative_Link_Account_Invalid
00:03:12.598 [TestNG-tests-3] INFO  tests.ConnectedAccountsTest - Testing link account with invalid ID
00:03:12.670 [TestNG-tests-1] INFO  tests.CustomerTests - Second Customer ID: cus_UyCCs3UdqL7CvT
00:03:12.675 [TestNG-tests-1] INFO  tests.CustomerTests - Verified customer IDs are different despite having the same email
00:03:12.676 [TestNG-tests-1] INFO  tests.CustomerTests - ▶ Running: [TC_08_CreateCustomer_LongName] | Groups: [customer, negative, regression]
00:03:12.676 [TestNG-tests-1] INFO  tests.CustomerTests - Thread=TestNG-tests-1 | Class=CustomerTests | Test=TC_08_CreateCustomer_LongName
00:03:12.676 [TestNG-tests-1] INFO  tests.CustomerTests - Testing create customer with very long name
00:03:13.018 [TestNG-tests-4] INFO  tests.PaymentIntentTests - Created invalid payment method ID: pm_1TyFoSCawgxS6rsgBJ2jlvwz
00:03:13.018 [TestNG-tests-4] INFO  tests.PaymentIntentTests - Creating payment intent and confirming with invalid payment method
00:03:13.167 [TestNG-tests-3] INFO  tests.ConnectedAccountsTest - Successfully verified invalid link account fails
00:03:13.168 [TestNG-tests-3] INFO  tests.ConnectedAccountsTest - ▶ Running: [TC_13_positive_Link_Account_Expired_Redirect] | Groups: [connect_account, regression]
00:03:13.168 [TestNG-tests-3] INFO  tests.ConnectedAccountsTest - Thread=TestNG-tests-3 | Class=ConnectedAccountsTest | Test=TC_13_positive_Link_Account_Expired_Redirect
00:03:13.168 [TestNG-tests-3] INFO  tests.ConnectedAccountsTest - Testing link account expired redirect
00:03:13.190 [TestNG-tests-1] INFO  tests.CustomerTests - Successfully verified long name rejection
00:03:13.190 [TestNG-tests-1] INFO  tests.CustomerTests - ▶ Running: [TC_09_CreateCustomer_SpecialCharacters] | Groups: [customer, regression]
00:03:13.190 [TestNG-tests-1] INFO  tests.CustomerTests - Thread=TestNG-tests-1 | Class=CustomerTests | Test=TC_09_CreateCustomer_SpecialCharacters
00:03:13.191 [TestNG-tests-1] INFO  tests.CustomerTests - Testing create customer with special characters in name
00:03:13.849 [TestNG-tests-1] INFO  tests.CustomerTests - Customer created unexpectedly, adding ID to cleanup: cus_UyCCia7wD3KCAA
00:03:13.877 [TestNG-tests-1] ERROR listeners.ExtentReportListener - 
╔══════════════════════════════════════════════════════════╗
00:03:13.877 [TestNG-tests-1] ERROR listeners.ExtentReportListener - ║  REQUEST/RESPONSE LOG FOR FAILED TEST: TC_09_CreateCustomer_SpecialCharacters  
00:03:13.877 [TestNG-tests-1] ERROR listeners.ExtentReportListener - ╚══════════════════════════════════════════════════════════╝
00:03:13.877 [TestNG-tests-1] ERROR listeners.ExtentReportListener - 
========== API REQUEST ==========
Method  : POST
URI     : https://api.stripe.com/v1/customers
Headers :
Authorization=Bearer
Accept=*/*
Content-Type=application/x-www-form-urlencoded; charset=ISO-8859-1
========== API RESPONSE ==========
Status  : 200
Headers :
Server=nginx
Date=Tue, 28 Jul 2026 18:33:13 GMT
Content-Type=application/json
Content-Length=680
Connection=keep-alive
Access-Control-Allow-Credentials=true
Access-Control-Allow-Methods=GET, HEAD, PUT, PATCH, POST, DELETE
Access-Control-Allow-Origin=*
Access-Control-Expose-Headers=Request-Id, Stripe-Manage-Version, Stripe-Should-Retry, X-Stripe-External-Auth-Required, X-Stripe-Privileged-Session-Required
Access-Control-Max-Age=300
Cache-Control=no-cache, no-store
Content-Security-Policy=base-uri 'none'; default-src 'none'; form-action 'none'; frame-ancestors 'none'; img-src 'self'; script-src 'self' 'report-sample'; style-src 'self'; worker-src 'none'; upgrade-insecure-requests; report-uri https://q.stripe.com/csp-violation?q=yqpFIHBUWvh7T89WJDi91bmQoupBCS-F-R61_65j23BBz9HKKXp2XDACuo6YZpZqG5DgVs2nP37fPVBv; report-to csp
Idempotency-Key=1a644c09-9f58-4e08-93f6-8d1d80fa3cd0
Original-Request=req_DjLCEa3sYsQwy7
Report-To={"group":"csp","max_age":8640,"endpoints":[{"url":"https://q.stripe.com/csp-report-v2?q=yqpFIHBUWvh7T89WJDi91bmQoupBCS-F-R61_65j23BBz9HKKXp2XDACuo6YZpZqG5DgVs2nP37fPVBv&t=1"}],"include_subdomains":true}
Reporting-Endpoints=csp="https://q.stripe.com/csp-report-v2?q=yqpFIHBUWvh7T89WJDi91bmQoupBCS-F-R61_65j23BBz9HKKXp2XDACuo6YZpZqG5DgVs2nP37fPVBv&t=1"
Request-Id=req_DjLCEa3sYsQwy7
Stripe-Should-Retry=false
Stripe-Version=2026-03-25.dahlia
Vary=Origin
X-Stripe-Priority-Routing-Enabled=true
X-Stripe-Routing-Context-Priority-Tier=api-testmode
X-Wc=3c3
Strict-Transport-Security=max-age=63072000; includeSubDomains; preload
Body    :
{
    "id": "cus_UyCCia7wD3KCAA",
    "object": "customer",
    "address": null,
    "balance": 0,
    "created": 1785263593,
    "currency": null,
    "customer_account": null,
    "default_source": null,
    "delinquent": false,
    "description": null,
    "discount": null,
    "email": "rickie.jacobs@example.com",
    "invoice_prefix": "V2GTCCMI",
    "invoice_settings": {
        "custom_fields": null,
        "default_payment_method": null,
        "footer": null,
        "rendering_options": null
    },
    "livemode": false,
    "metadata": {
        
    },
    "name": "*/*/*/*#$!#!AA!!!",
    "next_invoice_sequence": 1,
    "phone": null,
    "preferred_locales": [
        
    ],
    "shipping": null,
    "tax_exempt": "none",
    "test_clock": null
}
==================================
00:03:13.877 [TestNG-tests-1] ERROR listeners.ExtentReportListener - ╔══════════════════════════════════════════════════════════╗
00:03:13.877 [TestNG-tests-1] ERROR listeners.ExtentReportListener - ║  END OF REQUEST/RESPONSE LOG                             ║
00:03:13.877 [TestNG-tests-1] ERROR listeners.ExtentReportListener - ╚══════════════════════════════════════════════════════════╝
00:03:13.878 [TestNG-tests-1] INFO  tests.CustomerTests - ▶ Running: [TC_10_CreateCustomer_EmptyValues] | Groups: [customer, negative, regression]
00:03:13.878 [TestNG-tests-1] INFO  tests.CustomerTests - Thread=TestNG-tests-1 | Class=CustomerTests | Test=TC_10_CreateCustomer_EmptyValues
00:03:13.878 [TestNG-tests-1] INFO  tests.CustomerTests - Testing create customer with empty values
00:03:13.926 [TestNG-tests-2] INFO  tests.AccountTests - Created Account ID: acct_1TyFoMCawgxqeMhI
00:03:13.926 [TestNG-tests-2] INFO  tests.AccountTests - ▶ Running: [TC_02_CreateAccount_DifferentEntityTypes] | Groups: [accounts, regression]
00:03:13.926 [TestNG-tests-2] INFO  tests.AccountTests - Thread=TestNG-tests-2 | Class=AccountTests | Test=TC_02_CreateAccount_DifferentEntityTypes
00:03:13.926 [TestNG-tests-2] INFO  tests.AccountTests - Testing create account different entity types: Government Entity
00:03:14.487 [TestNG-tests-1] INFO  tests.CustomerTests - Customer created unexpectedly, adding ID to cleanup: cus_UyCCmzhQZ0cvya
00:03:14.487 [TestNG-tests-1] ERROR listeners.ExtentReportListener - 
╔══════════════════════════════════════════════════════════╗
00:03:14.487 [TestNG-tests-1] ERROR listeners.ExtentReportListener - ║  REQUEST/RESPONSE LOG FOR FAILED TEST: TC_10_CreateCustomer_EmptyValues  
00:03:14.487 [TestNG-tests-1] ERROR listeners.ExtentReportListener - ╚══════════════════════════════════════════════════════════╝
00:03:14.487 [TestNG-tests-1] ERROR listeners.ExtentReportListener - 
========== API REQUEST ==========
Method  : POST
URI     : https://api.stripe.com/v1/customers
Headers :
Authorization=Bearer
Accept=*/*
Content-Type=application/x-www-form-urlencoded; charset=ISO-8859-1
========== API RESPONSE ==========
Status  : 200
Headers :
Server=nginx
Date=Tue, 28 Jul 2026 18:33:14 GMT
Content-Type=application/json
Content-Length=642
Connection=keep-alive
Access-Control-Allow-Credentials=true
Access-Control-Allow-Methods=GET, HEAD, PUT, PATCH, POST, DELETE
Access-Control-Allow-Origin=*
Access-Control-Expose-Headers=Request-Id, Stripe-Manage-Version, Stripe-Should-Retry, X-Stripe-External-Auth-Required, X-Stripe-Privileged-Session-Required
Access-Control-Max-Age=300
Cache-Control=no-cache, no-store
Content-Security-Policy=base-uri 'none'; default-src 'none'; form-action 'none'; frame-ancestors 'none'; img-src 'self'; script-src 'self' 'report-sample'; style-src 'self'; worker-src 'none'; upgrade-insecure-requests; report-uri https://q.stripe.com/csp-violation?q=1avhFwc82QZaSl0jqHhg3bKNORdz5epdKK5vKY5FeViq19t0wkWmxQ1zK9hfKlc5zUJRKFHotMcPRy8D; report-to csp
Idempotency-Key=175fb03f-9e9e-4abe-b4fc-4eb0ab7fb2fc
Original-Request=req_pUjnw0R29Gxptz
Report-To={"group":"csp","max_age":8640,"endpoints":[{"url":"https://q.stripe.com/csp-report-v2?q=1avhFwc82QZaSl0jqHhg3bKNORdz5epdKK5vKY5FeViq19t0wkWmxQ1zK9hfKlc5zUJRKFHotMcPRy8D&t=1"}],"include_subdomains":true}
Reporting-Endpoints=csp="https://q.stripe.com/csp-report-v2?q=1avhFwc82QZaSl0jqHhg3bKNORdz5epdKK5vKY5FeViq19t0wkWmxQ1zK9hfKlc5zUJRKFHotMcPRy8D&t=1"
Request-Id=req_pUjnw0R29Gxptz
Stripe-Should-Retry=false
Stripe-Version=2026-03-25.dahlia
Vary=Origin
X-Stripe-Priority-Routing-Enabled=true
X-Stripe-Routing-Context-Priority-Tier=api-testmode
X-Wc=3c3
Strict-Transport-Security=max-age=63072000; includeSubDomains; preload
Body    :
{
    "id": "cus_UyCCmzhQZ0cvya",
    "object": "customer",
    "address": null,
    "balance": 0,
    "created": 1785263593,
    "currency": null,
    "customer_account": null,
    "default_source": null,
    "delinquent": false,
    "description": null,
    "discount": null,
    "email": null,
    "invoice_prefix": "1AGBSRKI",
    "invoice_settings": {
        "custom_fields": null,
        "default_payment_method": null,
        "footer": null,
        "rendering_options": null
    },
    "livemode": false,
    "metadata": {
        
    },
    "name": null,
    "next_invoice_sequence": 1,
    "phone": null,
    "preferred_locales": [
        
    ],
    "shipping": null,
    "tax_exempt": "none",
    "test_clock": null
}
==================================
00:03:14.487 [TestNG-tests-1] ERROR listeners.ExtentReportListener - ╔══════════════════════════════════════════════════════════╗
00:03:14.487 [TestNG-tests-1] ERROR listeners.ExtentReportListener - ║  END OF REQUEST/RESPONSE LOG                             ║
00:03:14.487 [TestNG-tests-1] ERROR listeners.ExtentReportListener - ╚══════════════════════════════════════════════════════════╝
00:03:14.489 [TestNG-tests-1] INFO  tests.CustomerTests - ▶ Running: [createCustomerUsingMetadata] | Groups: [customer, regression]
00:03:14.489 [TestNG-tests-1] INFO  tests.CustomerTests - Thread=TestNG-tests-1 | Class=CustomerTests | Test=createCustomerUsingMetadata
00:03:14.489 [TestNG-tests-1] INFO  tests.CustomerTests - Testing create customer using metadata
00:03:14.489 [TestNG-tests-1] INFO  tests.CustomerTests - Name: Danae Zboncak, Email: oscar.bednar@gmail.com, Metadata: {name=Danae Zboncak, source=automation}
00:03:14.643 [TestNG-tests-4] INFO  tests.PaymentIntentTests - Successfully verified payment intent creation fails with error code: card_declined
00:03:14.644 [TestNG-tests-4] INFO  tests.PaymentIntentTests - ▶ Running: [TC_02_negative_Create_Payment_Intent] | Groups: [payment_intent, negative, regression, invalid_card_payment_intent]
00:03:14.644 [TestNG-tests-4] INFO  tests.PaymentIntentTests - Thread=TestNG-tests-4 | Class=PaymentIntentTests | Test=TC_02_negative_Create_Payment_Intent
00:03:14.644 [TestNG-tests-4] INFO  tests.PaymentIntentTests - Running negative create payment intent test: Card Payment Method
00:03:15.095 [TestNG-tests-1] INFO  tests.CustomerTests - Created customer ID: cus_UyCCN9hn6zsDE4
00:03:15.096 [TestNG-tests-1] INFO  tests.CustomerTests - Cleaning up 7 created customers
00:03:15.096 [TestNG-tests-1] INFO  tests.CustomerTests - Deleting customer ID: cus_UyCC7bipwdEqsh
00:03:15.450 [TestNG-tests-4] INFO  tests.PaymentIntentTests - Created invalid payment method ID: pm_1TyFoUCawgxS6rsgY55B41Ml
00:03:15.450 [TestNG-tests-4] INFO  tests.PaymentIntentTests - Creating payment intent and confirming with invalid payment method
00:03:15.804 [TestNG-tests-1] INFO  tests.CustomerTests - Deleting customer ID: cus_UyCCqTuHFJkLuS
00:03:16.504 [TestNG-tests-1] INFO  tests.CustomerTests - Deleting customer ID: cus_UyCCeAYmiOlZx3
00:03:16.592 [TestNG-tests-4] INFO  tests.PaymentIntentTests - Successfully verified payment intent creation fails with error code: card_declined
00:03:16.593 [TestNG-tests-4] INFO  tests.PaymentIntentTests - ▶ Running: [TC_02_negative_Create_Payment_Intent] | Groups: [payment_intent, negative, regression, invalid_card_payment_intent]
00:03:16.593 [TestNG-tests-4] INFO  tests.PaymentIntentTests - Thread=TestNG-tests-4 | Class=PaymentIntentTests | Test=TC_02_negative_Create_Payment_Intent
00:03:16.593 [TestNG-tests-4] INFO  tests.PaymentIntentTests - Running negative create payment intent test: Card Payment Method
00:03:16.776 [TestNG-tests-3] INFO  tests.ConnectedAccountsTest - Created fallback connect account ID: acct_1TyFoTCqyodi6BYJ
00:03:16.776 [TestNG-tests-3] INFO  tests.ConnectedAccountsTest - Creating account link for ID: acct_1TyFoTCqyodi6BYJ
00:03:17.173 [TestNG-tests-4] INFO  tests.PaymentIntentTests - Created invalid payment method ID: pm_1TyFoWCawgxS6rsgpMlLNeUN
00:03:17.173 [TestNG-tests-4] INFO  tests.PaymentIntentTests - Creating payment intent and confirming with invalid payment method
00:03:17.225 [TestNG-tests-1] INFO  tests.CustomerTests - Deleting customer ID: cus_UyCCs3UdqL7CvT
00:03:17.570 [TestNG-tests-3] INFO  tests.ConnectedAccountsTest - Account link URL: https://connect.stripe.com/setup/e/acct_1TyFoTCqyodi6BYJ/Yunpy4buS8UE
00:03:17.571 [TestNG-tests-3] INFO  tests.ConnectedAccountsTest - Performing first visit to consume link
00:03:17.954 [TestNG-tests-1] INFO  tests.CustomerTests - Deleting customer ID: cus_UyCCia7wD3KCAA
00:03:18.624 [TestNG-tests-1] INFO  tests.CustomerTests - Deleting customer ID: cus_UyCCmzhQZ0cvya
00:03:18.665 [TestNG-tests-4] INFO  tests.PaymentIntentTests - Successfully verified payment intent creation fails with error code: expired_card
00:03:18.666 [TestNG-tests-4] INFO  tests.PaymentIntentTests - ▶ Running: [TC_02_negative_Create_Payment_Intent] | Groups: [payment_intent, negative, regression, invalid_card_payment_intent]
00:03:18.666 [TestNG-tests-4] INFO  tests.PaymentIntentTests - Thread=TestNG-tests-4 | Class=PaymentIntentTests | Test=TC_02_negative_Create_Payment_Intent
00:03:18.667 [TestNG-tests-4] INFO  tests.PaymentIntentTests - Running negative create payment intent test: Card Payment Method
00:03:19.245 [TestNG-tests-4] INFO  tests.PaymentIntentTests - Created invalid payment method ID: pm_1TyFoYCawgxS6rsgQmlSwlVu
00:03:19.246 [TestNG-tests-4] INFO  tests.PaymentIntentTests - Creating payment intent and confirming with invalid payment method
00:03:19.252 [TestNG-tests-1] INFO  tests.CustomerTests - Deleting customer ID: cus_UyCCN9hn6zsDE4
00:03:20.012 [TestNG-tests-1] INFO  tests.RefundTests - ▶ Running: [TC_01_positive_Full_Refund] | Groups: [refund, regression, create_retrieve_refund, marketplace_e2e, smoke]
00:03:20.012 [TestNG-tests-1] INFO  tests.RefundTests - Thread=TestNG-tests-1 | Class=RefundTests | Test=TC_01_positive_Full_Refund
00:03:20.013 [TestNG-tests-1] INFO  tests.RefundTests - Testing positive full refund
00:03:20.013 [TestNG-tests-1] INFO  tests.RefundTests - Fetched PaymentIntentId from context -->	null
00:03:20.354 [TestNG-tests-4] INFO  tests.PaymentIntentTests - Successfully verified payment intent creation fails with error code: incorrect_cvc
00:03:20.355 [TestNG-tests-4] INFO  tests.PaymentIntentTests - ▶ Running: [TC_03_positive_Cancel_Payment_Intent] | Groups: [payment_intent, regression, create_cancel_paymentIntent]
00:03:20.355 [TestNG-tests-4] INFO  tests.PaymentIntentTests - Thread=TestNG-tests-4 | Class=PaymentIntentTests | Test=TC_03_positive_Cancel_Payment_Intent
00:03:20.355 [TestNG-tests-4] INFO  tests.PaymentIntentTests - Testing cancel payment intent
00:03:20.355 [TestNG-tests-4] INFO  tests.PaymentIntentTests - Fetched payment intent: pi_3TyFoPCawgxS6rsg0YRDQ5AD
00:03:20.355 [TestNG-tests-4] INFO  tests.PaymentIntentTests - Canceling payment intent: pi_3TyFoPCawgxS6rsg0YRDQ5AD
00:03:20.378 [TestNG-tests-2] INFO  tests.AccountTests - Created Account ID: acct_1TyFoTCawgvkUty9
00:03:20.379 [TestNG-tests-2] INFO  tests.AccountTests - ▶ Running: [TC_03_CreateAccount_DifferentDashboards] | Groups: [accounts, regression]
00:03:20.379 [TestNG-tests-2] INFO  tests.AccountTests - Thread=TestNG-tests-2 | Class=AccountTests | Test=TC_03_CreateAccount_DifferentDashboards
00:03:20.379 [TestNG-tests-2] INFO  tests.AccountTests - Testing create account different dashboard types: Full Dashboard
00:03:20.610 [TestNG-tests-3] INFO  tests.ConnectedAccountsTest - Performing second visit to check redirect to refresh_url
00:03:21.022 [TestNG-tests-4] INFO  tests.PaymentIntentTests - Successfully canceled payment intent
00:03:21.022 [TestNG-tests-4] INFO  tests.PaymentIntentTests - ▶ Running: [TC_04_negative_Cancel_Succeeded_Payment_Intent] | Groups: [payment_intent, negative, regression]
00:03:21.022 [TestNG-tests-4] INFO  tests.PaymentIntentTests - Thread=TestNG-tests-4 | Class=PaymentIntentTests | Test=TC_04_negative_Cancel_Succeeded_Payment_Intent
00:03:21.022 [TestNG-tests-4] INFO  tests.PaymentIntentTests - Testing cancel succeeded payment intent
00:03:21.144 [TestNG-tests-3] INFO  tests.ConnectedAccountsTest - Successfully verified link expiration redirects to refresh_url
00:03:21.145 [TestNG-tests-3] INFO  tests.ConnectedAccountsTest - Running cleanup for ConnectedAccountsTest
00:03:21.145 [TestNG-tests-3] INFO  tests.ConnectedAccountsTest - Deleting 4 connect accounts
00:03:21.145 [TestNG-tests-3] INFO  tests.ConnectedAccountsTest - Deleting connect account ID: acct_1TyFo7Cl2ZC8Kd5M
00:03:22.511 [TestNG-tests-4] INFO  tests.PaymentIntentTests - Created fallback succeeded payment intent: pi_3TyFobCawgxS6rsg1s5JoDq3
00:03:22.511 [TestNG-tests-4] INFO  tests.PaymentIntentTests - Attempting to cancel succeeded payment intent: pi_3TyFobCawgxS6rsg1s5JoDq3
00:03:22.681 [TestNG-tests-3] INFO  tests.ConnectedAccountsTest - Deleting connect account ID: acct_1TyFoECqoy52g445
00:03:22.803 [TestNG-tests-1] INFO  tests.RefundTests - Created new paymentIntentId -->	pi_3TyFobCawgxS6rsg0Z9bF1SK
00:03:23.187 [TestNG-tests-4] INFO  tests.PaymentIntentTests - Successfully verified cancel succeeded payment intent rejection
00:03:23.187 [TestNG-tests-4] INFO  tests.PaymentIntentTests - ▶ Running: [TC_05_negative_Cancel_Already_Canceled_Payment_Intent] | Groups: [payment_intent, negative, regression]
00:03:23.187 [TestNG-tests-4] INFO  tests.PaymentIntentTests - Thread=TestNG-tests-4 | Class=PaymentIntentTests | Test=TC_05_negative_Cancel_Already_Canceled_Payment_Intent
00:03:23.188 [TestNG-tests-4] INFO  tests.PaymentIntentTests - Testing cancel already canceled payment intent
00:03:23.471 [TestNG-tests-1] INFO  tests.RefundTests - amount_received from PaymentIntent pi_3TyFobCawgxS6rsg0Z9bF1SK: 2000
00:03:23.972 [TestNG-tests-4] INFO  tests.PaymentIntentTests - Created fallback payment intent for cancellation: pi_3TyFodCawgxS6rsg0X16nFjy
00:03:23.972 [TestNG-tests-4] INFO  tests.PaymentIntentTests - Performing first cancellation on ID: pi_3TyFodCawgxS6rsg0X16nFjy
00:03:24.572 [TestNG-tests-3] INFO  tests.ConnectedAccountsTest - Deleting connect account ID: acct_1TyFoOEDpMBc2FYn
00:03:24.623 [TestNG-tests-4] INFO  tests.PaymentIntentTests - First cancellation succeeded
00:03:24.623 [TestNG-tests-4] INFO  tests.PaymentIntentTests - Performing second cancellation on ID: pi_3TyFodCawgxS6rsg0X16nFjy
00:03:25.333 [TestNG-tests-1] INFO  tests.RefundTests - POJO validation passed for refund: re_3TyFobCawgxS6rsg0JhFuboB
00:03:25.333 [TestNG-tests-1] INFO  tests.RefundTests - Refund Id -->	re_3TyFobCawgxS6rsg0JhFuboB
00:03:25.333 [TestNG-tests-1] INFO  tests.RefundTests - Successfully verified positive full refund for amount_received: 2000
00:03:25.333 [TestNG-tests-1] INFO  tests.RefundTests - ▶ Running: [TC_02_Retrieve_Refund] | Groups: [refund, regression, create_retrieve_refund, partialrefund_retrieve]
00:03:25.333 [TestNG-tests-1] INFO  tests.RefundTests - Thread=TestNG-tests-1 | Class=RefundTests | Test=TC_02_Retrieve_Refund
00:03:25.335 [TestNG-tests-1] INFO  tests.RefundTests - Retrieving refund with ID: re_3TyFobCawgxS6rsg0JhFuboB
00:03:25.370 [TestNG-tests-4] INFO  tests.PaymentIntentTests - Successfully verified double cancellation rejection
00:03:25.371 [TestNG-tests-4] INFO  tests.PaymentIntentTests - ▶ Running: [TC_06_positive_Confirm_Payment_Intent] | Groups: [payment_intent, regression, create_confirm_paymentIntent, marketplace_e2e, smoke]
00:03:25.371 [TestNG-tests-4] INFO  tests.PaymentIntentTests - Thread=TestNG-tests-4 | Class=PaymentIntentTests | Test=TC_06_positive_Confirm_Payment_Intent
00:03:25.371 [TestNG-tests-4] INFO  tests.PaymentIntentTests - Test running under groups: [payment_intent, regression, create_confirm_paymentIntent, marketplace_e2e, smoke]
00:03:25.371 [TestNG-tests-4] INFO  tests.PaymentIntentTests - Intial payemtnIntenId fetch --> 	null
00:03:25.952 [TestNG-tests-1] INFO  tests.RefundTests - POJO validation passed for retrieved refund: re_3TyFobCawgxS6rsg0JhFuboB
00:03:25.952 [TestNG-tests-1] INFO  tests.RefundTests - Successfully retrieved refund with ID: re_3TyFobCawgxS6rsg0JhFuboB
00:03:25.953 [TestNG-tests-1] INFO  tests.RefundTests - ▶ Running: [TC_02_positive_Partial_Refund] | Groups: [refund, regression, partialrefund_retrieve]
00:03:25.953 [TestNG-tests-1] INFO  tests.RefundTests - Thread=TestNG-tests-1 | Class=RefundTests | Test=TC_02_positive_Partial_Refund
00:03:25.953 [TestNG-tests-1] INFO  tests.RefundTests - Testing positive partial refund
00:03:26.061 [TestNG-tests-4] INFO  tests.PaymentIntentTests - Inside IF block when intentId does not exist payemtnIntenId fetch --> 	pi_3TyFofCawgxS6rsg1qvw763E
00:03:26.061 [TestNG-tests-4] INFO  tests.PaymentIntentTests - Confirming payment intent: pi_3TyFofCawgxS6rsg1qvw763E
00:03:26.612 [TestNG-tests-3] INFO  tests.ConnectedAccountsTest - Deleting connect account ID: acct_1TyFoTCqyodi6BYJ
00:03:27.033 [TestNG-tests-1] INFO  tests.RefundTests - Created new paymentIntentId -->	pi_3TyFogCawgxS6rsg0qNQUow6
00:03:27.274 [TestNG-tests-4] INFO  tests.PaymentIntentTests - Successfully confirmed payment intent
00:03:27.274 [TestNG-tests-4] INFO  tests.PaymentIntentTests - ▶ Running: [TC_08_negative_Confirm_Canceled_Payment_Intent] | Groups: [payment_intent, negative, regression]
00:03:27.274 [TestNG-tests-4] INFO  tests.PaymentIntentTests - Thread=TestNG-tests-4 | Class=PaymentIntentTests | Test=TC_08_negative_Confirm_Canceled_Payment_Intent
00:03:27.274 [TestNG-tests-4] INFO  tests.PaymentIntentTests - Testing confirmation of canceled payment intent
00:03:27.275 [TestNG-tests-4] INFO  tests.PaymentIntentTests - Attempting to confirm canceled payment intent: pi_3TyFodCawgxS6rsg0X16nFjy
00:03:27.543 [TestNG-tests-2] INFO  tests.AccountTests - Created Account ID: acct_1TyFoaCawgWUafFK
00:03:27.544 [TestNG-tests-2] INFO  tests.AccountTests - ▶ Running: [TC_03_CreateAccount_DifferentDashboards] | Groups: [accounts, regression]
00:03:27.544 [TestNG-tests-2] INFO  tests.AccountTests - Thread=TestNG-tests-2 | Class=AccountTests | Test=TC_03_CreateAccount_DifferentDashboards
00:03:27.544 [TestNG-tests-2] INFO  tests.AccountTests - Testing create account different dashboard types: Express Dashboard
00:03:27.590 [TestNG-tests-1] INFO  tests.RefundTests - amount_received from PaymentIntent pi_3TyFogCawgxS6rsg0qNQUow6: 2000 → partial refund: 1000
00:03:27.928 [TestNG-tests-4] INFO  tests.PaymentIntentTests - Successfully verified confirmation of canceled payment intent is rejected
00:03:27.929 [TestNG-tests-4] INFO  tests.PaymentIntentTests - ▶ Running: [TC_09_negative_Confirm_Invalid_Payment_Method] | Groups: [payment_intent, negative, regression]
00:03:27.929 [TestNG-tests-4] INFO  tests.PaymentIntentTests - Thread=TestNG-tests-4 | Class=PaymentIntentTests | Test=TC_09_negative_Confirm_Invalid_Payment_Method
00:03:27.929 [TestNG-tests-4] INFO  tests.PaymentIntentTests - Running confirm invalid payment method test: Card Payment Method
00:03:28.307 [TestNG-tests-3] INFO  tests.WebhookEventTests - ▶ Running: [TC_01_Verify_CustomerCreated_Event] | Groups: [webhook, regression, marketplace_e2e, smoke]
00:03:28.307 [TestNG-tests-3] INFO  tests.WebhookEventTests - Thread=TestNG-tests-3 | Class=WebhookEventTests | Test=TC_01_Verify_CustomerCreated_Event
00:03:28.307 [TestNG-tests-3] INFO  tests.WebhookEventTests - Test running under groups: [webhook, regression, marketplace_e2e, smoke]
00:03:28.497 [TestNG-tests-4] INFO  tests.PaymentIntentTests - Created invalid payment method ID: pm_1TyFohCawgxS6rsgTNJ5R7kv
00:03:28.938 [TestNG-tests-3] INFO  tests.WebhookEventTests - Created new Customer ID --> cus_UyCDBmnLUpLcqH
00:03:29.113 [TestNG-tests-1] INFO  tests.RefundTests - Refund Id -->	re_3TyFogCawgxS6rsg07SVGEHv
00:03:29.114 [TestNG-tests-1] INFO  tests.RefundTests - Successfully verified positive partial refund for amount: 1000
00:03:29.115 [TestNG-tests-1] INFO  tests.RefundTests - ▶ Running: [TC_03_positive_CancelRefund] | Groups: [refund, regression, cancel_refund]
00:03:29.115 [TestNG-tests-1] INFO  tests.RefundTests - Thread=TestNG-tests-1 | Class=RefundTests | Test=TC_03_positive_CancelRefund
00:03:29.115 [TestNG-tests-1] INFO  tests.RefundTests - Testing positive cancel refund (requires_action flow)
00:03:29.179 [TestNG-tests-4] INFO  tests.PaymentIntentTests - Created payment intent ID: pi_3TyFoiCawgxS6rsg1bXjtYSC
00:03:29.179 [TestNG-tests-4] INFO  tests.PaymentIntentTests - Confirming payment intent with invalid payment method
00:03:29.492 [TestNG-tests-3] INFO  tests.WebhookEventTests - Polling for event type [customer.created] with target object ID [cus_UyCDBmnLUpLcqH]...
00:03:30.013 [TestNG-tests-3] INFO  tests.WebhookEventTests - Found event matching target object ID [cus_UyCDBmnLUpLcqH] on attempt 1: Event ID = evt_1TyFoiCawgxS6rsg0pykTa6m
00:03:30.013 [TestNG-tests-3] INFO  tests.WebhookEventTests - Retrieving event: evt_1TyFoiCawgxS6rsg0pykTa6m
00:03:30.414 [TestNG-tests-4] INFO  tests.PaymentIntentTests - Successfully verified invalid payment method confirmation fails with: card_declined
00:03:30.415 [TestNG-tests-4] INFO  tests.PaymentIntentTests - ▶ Running: [TC_09_negative_Confirm_Invalid_Payment_Method] | Groups: [payment_intent, negative, regression]
00:03:30.415 [TestNG-tests-4] INFO  tests.PaymentIntentTests - Thread=TestNG-tests-4 | Class=PaymentIntentTests | Test=TC_09_negative_Confirm_Invalid_Payment_Method
00:03:30.415 [TestNG-tests-4] INFO  tests.PaymentIntentTests - Running confirm invalid payment method test: Card Payment Method
00:03:30.533 [TestNG-tests-3] INFO  tests.WebhookEventTests - POJO validation passed for webhook event: evt_1TyFoiCawgxS6rsg0pykTa6m
00:03:30.533 [TestNG-tests-3] INFO  tests.WebhookEventTests - Successfully validated customer.created event details
00:03:30.533 [TestNG-tests-3] INFO  tests.WebhookEventTests - ▶ Running: [TC_02_Verify_RefundCreated_Event] | Groups: [webhook, regression, marketplace_e2e]
00:03:30.533 [TestNG-tests-3] INFO  tests.WebhookEventTests - Thread=TestNG-tests-3 | Class=WebhookEventTests | Test=TC_02_Verify_RefundCreated_Event
00:03:30.533 [TestNG-tests-3] INFO  tests.WebhookEventTests - Test running under groups: [webhook, regression, marketplace_e2e]
00:03:31.073 [TestNG-tests-4] INFO  tests.PaymentIntentTests - Created invalid payment method ID: pm_1TyFokCawgxS6rsglLK3wbun
00:03:31.739 [TestNG-tests-4] INFO  tests.PaymentIntentTests - Created payment intent ID: pi_3TyFolCawgxS6rsg0HxMrqs2
00:03:31.739 [TestNG-tests-4] INFO  tests.PaymentIntentTests - Confirming payment intent with invalid payment method
00:03:32.891 [TestNG-tests-4] INFO  tests.PaymentIntentTests - Successfully verified invalid payment method confirmation fails with: card_declined
00:03:32.891 [TestNG-tests-4] INFO  tests.PaymentIntentTests - ▶ Running: [TC_09_negative_Confirm_Invalid_Payment_Method] | Groups: [payment_intent, negative, regression]
00:03:32.891 [TestNG-tests-4] INFO  tests.PaymentIntentTests - Thread=TestNG-tests-4 | Class=PaymentIntentTests | Test=TC_09_negative_Confirm_Invalid_Payment_Method
00:03:32.891 [TestNG-tests-4] INFO  tests.PaymentIntentTests - Running confirm invalid payment method test: Card Payment Method
00:03:33.461 [TestNG-tests-4] INFO  tests.PaymentIntentTests - Created invalid payment method ID: pm_1TyFomCawgxS6rsg7XzVWyc1
00:03:33.860 [TestNG-tests-3] INFO  tests.WebhookEventTests - No refund in context – created fresh PaymentIntent: pi_3TyFomCawgxS6rsg1jcxstAR
00:03:33.860 [TestNG-tests-3] INFO  tests.WebhookEventTests - Creating refund for PaymentIntent ID: pi_3TyFomCawgxS6rsg1jcxstAR
00:03:34.112 [TestNG-tests-4] INFO  tests.PaymentIntentTests - Created payment intent ID: pi_3TyFonCawgxS6rsg1daQofYK
00:03:34.112 [TestNG-tests-4] INFO  tests.PaymentIntentTests - Confirming payment intent with invalid payment method
00:03:34.744 [TestNG-tests-1] INFO  tests.RefundTests - Created requires_action refund ID: pyr_1TyFonCawgxS6rsg5dmiwXHv
00:03:35.144 [TestNG-tests-2] INFO  tests.AccountTests - Created Account ID: acct_1TyFohCawgT9zZ5J
00:03:35.144 [TestNG-tests-2] INFO  tests.AccountTests - ▶ Running: [TC_03_CreateAccount_DifferentDashboards] | Groups: [accounts, regression]
00:03:35.144 [TestNG-tests-2] INFO  tests.AccountTests - Thread=TestNG-tests-2 | Class=AccountTests | Test=TC_03_CreateAccount_DifferentDashboards
00:03:35.145 [TestNG-tests-2] INFO  tests.AccountTests - Testing create account different dashboard types: No Dashboard
00:03:35.350 [TestNG-tests-4] INFO  tests.PaymentIntentTests - Successfully verified invalid payment method confirmation fails with: card_declined
00:03:35.350 [TestNG-tests-4] INFO  tests.PaymentIntentTests - ▶ Running: [TC_09_negative_Confirm_Invalid_Payment_Method] | Groups: [payment_intent, negative, regression]
00:03:35.350 [TestNG-tests-4] INFO  tests.PaymentIntentTests - Thread=TestNG-tests-4 | Class=PaymentIntentTests | Test=TC_09_negative_Confirm_Invalid_Payment_Method
00:03:35.351 [TestNG-tests-4] INFO  tests.PaymentIntentTests - Running confirm invalid payment method test: Card Payment Method
00:03:35.352 [TestNG-tests-1] INFO  tests.RefundTests - Confirmed refund pyr_1TyFonCawgxS6rsg5dmiwXHv is in requires_action status
00:03:35.695 [TestNG-tests-3] INFO  tests.WebhookEventTests - Created refund for event verification: re_3TyFomCawgxS6rsg1jLADm71
00:03:35.695 [TestNG-tests-3] INFO  tests.WebhookEventTests - Polling for event type [charge.refunded] with target object ID [pi_3TyFomCawgxS6rsg1jcxstAR]...
00:03:35.931 [TestNG-tests-4] INFO  tests.PaymentIntentTests - Created invalid payment method ID: pm_1TyFopCawgxS6rsg7MThrDLr
00:03:36.234 [TestNG-tests-3] INFO  tests.WebhookEventTests - Attempt 1/6 failed. Waiting 1500ms...
00:03:36.272 [TestNG-tests-1] INFO  tests.RefundTests - Refund pyr_1TyFonCawgxS6rsg5dmiwXHv successfully cancelled. Status=canceled, failure_reason present.
00:03:36.272 [TestNG-tests-1] INFO  tests.RefundTests - Stored canceled refund ID in context for TC_15: pyr_1TyFonCawgxS6rsg5dmiwXHv
00:03:36.273 [TestNG-tests-1] INFO  tests.RefundTests - ▶ Running: [TC_04_CreateRefund_InvalidPaymentIntentId] | Groups: [refund, negative, regression]
00:03:36.273 [TestNG-tests-1] INFO  tests.RefundTests - Thread=TestNG-tests-1 | Class=RefundTests | Test=TC_04_CreateRefund_InvalidPaymentIntentId
00:03:36.273 [TestNG-tests-1] INFO  tests.RefundTests - Testing create refund with invalid PaymentIntent ID
00:03:36.786 [TestNG-tests-1] INFO  tests.RefundTests - Successfully verified invalid PaymentIntent ID refund failure
00:03:36.787 [TestNG-tests-1] INFO  tests.RefundTests - ▶ Running: [TC_05_CreateRefund_MissingPaymentIntent] | Groups: [refund, negative, regression]
00:03:36.787 [TestNG-tests-1] INFO  tests.RefundTests - Thread=TestNG-tests-1 | Class=RefundTests | Test=TC_05_CreateRefund_MissingPaymentIntent
00:03:36.787 [TestNG-tests-1] INFO  tests.RefundTests - Testing create refund with missing PaymentIntent
00:03:36.862 [TestNG-tests-4] INFO  tests.PaymentIntentTests - Created payment intent ID: pi_3TyFoqCawgxS6rsg1xvCCJwu
00:03:36.862 [TestNG-tests-4] INFO  tests.PaymentIntentTests - Confirming payment intent with invalid payment method
00:03:37.304 [TestNG-tests-1] INFO  tests.RefundTests - Successfully verified missing PaymentIntent refund failure
00:03:37.304 [TestNG-tests-1] INFO  tests.RefundTests - ▶ Running: [TC_06_CreateRefund_AmountExceedsCharged] | Groups: [refund, negative, regression]
00:03:37.304 [TestNG-tests-1] INFO  tests.RefundTests - Thread=TestNG-tests-1 | Class=RefundTests | Test=TC_06_CreateRefund_AmountExceedsCharged
00:03:37.305 [TestNG-tests-1] INFO  tests.RefundTests - Testing create refund exceeding original charged amount
00:03:38.058 [TestNG-tests-4] INFO  tests.PaymentIntentTests - Successfully verified invalid payment method confirmation fails with: expired_card
00:03:38.059 [TestNG-tests-4] INFO  tests.PaymentIntentTests - ▶ Running: [TC_09_negative_Confirm_Invalid_Payment_Method] | Groups: [payment_intent, negative, regression]
00:03:38.059 [TestNG-tests-4] INFO  tests.PaymentIntentTests - Thread=TestNG-tests-4 | Class=PaymentIntentTests | Test=TC_09_negative_Confirm_Invalid_Payment_Method
00:03:38.059 [TestNG-tests-4] INFO  tests.PaymentIntentTests - Running confirm invalid payment method test: Card Payment Method
00:03:38.279 [TestNG-tests-3] INFO  tests.WebhookEventTests - Attempt 2/6 failed. Waiting 1500ms...
00:03:38.635 [TestNG-tests-4] INFO  tests.PaymentIntentTests - Created invalid payment method ID: pm_1TyFosCawgxS6rsgm539z99T
00:03:39.328 [TestNG-tests-4] INFO  tests.PaymentIntentTests - Created payment intent ID: pi_3TyFosCawgxS6rsg0Mtt2E6A
00:03:39.328 [TestNG-tests-4] INFO  tests.PaymentIntentTests - Confirming payment intent with invalid payment method
00:03:40.279 [TestNG-tests-1] INFO  tests.RefundTests - Created paymentIntentId for negative tests: pi_3TyFosCawgxS6rsg1zAXp0JU
00:03:40.333 [TestNG-tests-3] INFO  tests.WebhookEventTests - Attempt 3/6 failed. Waiting 1500ms...
00:03:41.305 [TestNG-tests-4] INFO  tests.PaymentIntentTests - Successfully verified invalid payment method confirmation fails with: incorrect_cvc
00:03:41.305 [TestNG-tests-4] INFO  tests.PaymentIntentTests - ▶ Running: [TC_10_negative_Confirm_Succeeded_Payment_Intent] | Groups: [payment_intent, negative, regression]
00:03:41.305 [TestNG-tests-4] INFO  tests.PaymentIntentTests - Thread=TestNG-tests-4 | Class=PaymentIntentTests | Test=TC_10_negative_Confirm_Succeeded_Payment_Intent
00:03:41.306 [TestNG-tests-4] INFO  tests.PaymentIntentTests - Testing confirmation of already succeeded payment intent
00:03:41.306 [TestNG-tests-4] INFO  tests.PaymentIntentTests - Attempting to confirm already succeeded payment intent: pi_3TyFobCawgxS6rsg1s5JoDq3
00:03:41.355 [TestNG-tests-1] INFO  tests.RefundTests - Successfully verified exceeds charged amount refund failure
00:03:41.356 [TestNG-tests-1] INFO  tests.RefundTests - ▶ Running: [TC_07_CreateRefund_ZeroAmount] | Groups: [refund, negative, regression]
00:03:41.356 [TestNG-tests-1] INFO  tests.RefundTests - Thread=TestNG-tests-1 | Class=RefundTests | Test=TC_07_CreateRefund_ZeroAmount
00:03:41.356 [TestNG-tests-1] INFO  tests.RefundTests - Testing create refund with zero amount
00:03:41.917 [TestNG-tests-1] INFO  tests.RefundTests - Successfully verified zero amount refund failure
00:03:41.918 [TestNG-tests-1] INFO  tests.RefundTests - ▶ Running: [TC_08_CreateRefund_InvalidReason] | Groups: [refund, negative, regression]
00:03:41.918 [TestNG-tests-1] INFO  tests.RefundTests - Thread=TestNG-tests-1 | Class=RefundTests | Test=TC_08_CreateRefund_InvalidReason
00:03:41.918 [TestNG-tests-1] INFO  tests.RefundTests - Testing create refund with invalid reason: Random invalid string -> not_a_valid_reason
00:03:41.918 [TestNG-tests-1] INFO  tests.RefundTests - Created paymentIntentId for TC_08: pi_3TyFosCawgxS6rsg1zAXp0JU
00:03:42.074 [TestNG-tests-4] INFO  tests.PaymentIntentTests - Successfully verified confirmation of succeeded payment intent is rejected
00:03:42.075 [TestNG-tests-4] INFO  tests.PaymentIntentTests - ▶ Running: [TC_11_negative_Confirm_Without_Payment_Method] | Groups: [payment_intent, negative, regression]
00:03:42.075 [TestNG-tests-4] INFO  tests.PaymentIntentTests - Thread=TestNG-tests-4 | Class=PaymentIntentTests | Test=TC_11_negative_Confirm_Without_Payment_Method
00:03:42.075 [TestNG-tests-4] INFO  tests.PaymentIntentTests - Testing confirmation of payment intent without payment method
00:03:42.492 [TestNG-tests-1] INFO  tests.RefundTests - Successfully verified bad request and error fragment: reason
00:03:42.492 [TestNG-tests-1] INFO  tests.RefundTests - ▶ Running: [TC_08_CreateRefund_InvalidReason] | Groups: [refund, negative, regression]
00:03:42.492 [TestNG-tests-1] INFO  tests.RefundTests - Thread=TestNG-tests-1 | Class=RefundTests | Test=TC_08_CreateRefund_InvalidReason
00:03:42.492 [TestNG-tests-1] INFO  tests.RefundTests - Testing create refund with invalid reason: Numeric value -> 99999
00:03:42.492 [TestNG-tests-1] INFO  tests.RefundTests - Created paymentIntentId for TC_08: pi_3TyFosCawgxS6rsg1zAXp0JU
00:03:42.585 [TestNG-tests-3] INFO  tests.WebhookEventTests - Attempt 4/6 failed. Waiting 1500ms...
00:03:42.703 [TestNG-tests-4] INFO  tests.PaymentIntentTests - Created payment intent ID without payment method: pi_3TyFowCawgxS6rsg0GBjkFhr
00:03:42.703 [TestNG-tests-4] INFO  tests.PaymentIntentTests - Attempting to confirm payment intent: pi_3TyFowCawgxS6rsg0GBjkFhr
00:03:42.923 [TestNG-tests-2] INFO  tests.AccountTests - Created Account ID: acct_1TyFopCawg8ifHXi
00:03:42.923 [TestNG-tests-2] INFO  tests.AccountTests - ▶ Running: [TC_04_CreateAccount_CustomerConfigOnly] | Groups: [accounts, regression]
00:03:42.923 [TestNG-tests-2] INFO  tests.AccountTests - Thread=TestNG-tests-2 | Class=AccountTests | Test=TC_04_CreateAccount_CustomerConfigOnly
00:03:42.924 [TestNG-tests-2] INFO  tests.AccountTests - Testing create account with customer config only
00:03:43.098 [TestNG-tests-1] INFO  tests.RefundTests - Successfully verified bad request and error fragment: reason
00:03:43.099 [TestNG-tests-1] INFO  tests.RefundTests - ▶ Running: [TC_08_CreateRefund_InvalidReason] | Groups: [refund, negative, regression]
00:03:43.099 [TestNG-tests-1] INFO  tests.RefundTests - Thread=TestNG-tests-1 | Class=RefundTests | Test=TC_08_CreateRefund_InvalidReason
00:03:43.099 [TestNG-tests-1] INFO  tests.RefundTests - Testing create refund with invalid reason: Wrong casing on valid -> Requested_By_Customer
00:03:43.099 [TestNG-tests-1] INFO  tests.RefundTests - Created paymentIntentId for TC_08: pi_3TyFosCawgxS6rsg1zAXp0JU
00:03:43.383 [TestNG-tests-4] INFO  tests.PaymentIntentTests - Successfully verified confirmation without payment method is rejected
00:03:43.383 [TestNG-tests-4] INFO  tests.PaymentIntentTests - 🧹 Starting cleanup for PaymentIntentTests...
00:03:43.383 [TestNG-tests-4] INFO  tests.PaymentIntentTests - 🧹 Cleaning up 10 created payment methods...
00:03:43.707 [TestNG-tests-1] INFO  tests.RefundTests - Successfully verified bad request and error fragment: reason
00:03:43.708 [TestNG-tests-1] INFO  tests.RefundTests - ▶ Running: [TC_08_CreateRefund_InvalidReason] | Groups: [refund, negative, regression]
00:03:43.708 [TestNG-tests-1] INFO  tests.RefundTests - Thread=TestNG-tests-1 | Class=RefundTests | Test=TC_08_CreateRefund_InvalidReason
00:03:43.708 [TestNG-tests-1] INFO  tests.RefundTests - Testing create refund with invalid reason: Special characters -> !@#$%^
00:03:43.708 [TestNG-tests-1] INFO  tests.RefundTests - Created paymentIntentId for TC_08: pi_3TyFosCawgxS6rsg1zAXp0JU
00:03:43.929 [TestNG-tests-4] INFO  tests.PaymentIntentTests - ℹ️ Payment method pm_1TyFoQCawgxS6rsg20fN78j7 was never attached, skipping detach
00:03:44.278 [TestNG-tests-1] INFO  tests.RefundTests - Successfully verified bad request and error fragment: reason
00:03:44.278 [TestNG-tests-1] INFO  tests.RefundTests - ▶ Running: [TC_09_CreateRefund_InvalidAuth] | Groups: [refund, negative, auth, regression]
00:03:44.278 [TestNG-tests-1] INFO  tests.RefundTests - Thread=TestNG-tests-1 | Class=RefundTests | Test=TC_09_CreateRefund_InvalidAuth
00:03:44.279 [TestNG-tests-1] INFO  tests.RefundTests - Testing create refund with invalid auth token
00:03:44.432 [TestNG-tests-2] INFO  tests.AccountTests - Created Account ID: acct_1TyFowCawgr6Lo70
00:03:44.434 [TestNG-tests-2] INFO  tests.AccountTests - ▶ Running: [TC_05_CreateAccount_MerchantConfigOnly] | Groups: [accounts, regression]
00:03:44.434 [TestNG-tests-2] INFO  tests.AccountTests - Thread=TestNG-tests-2 | Class=AccountTests | Test=TC_05_CreateAccount_MerchantConfigOnly
00:03:44.434 [TestNG-tests-2] INFO  tests.AccountTests - Testing create account with merchant config only
00:03:44.511 [TestNG-tests-4] INFO  tests.PaymentIntentTests - ℹ️ Payment method pm_1TyFoSCawgxS6rsgBJ2jlvwz was never attached, skipping detach
00:03:44.577 [TestNG-tests-1] INFO  tests.RefundTests - Successfully verified invalid auth error
00:03:44.577 [TestNG-tests-1] INFO  tests.RefundTests - ▶ Running: [TC_10_CreateRefund_MissingAuth] | Groups: [refund, negative, auth, regression]
00:03:44.577 [TestNG-tests-1] INFO  tests.RefundTests - Thread=TestNG-tests-1 | Class=RefundTests | Test=TC_10_CreateRefund_MissingAuth
00:03:44.577 [TestNG-tests-1] INFO  tests.RefundTests - Testing create refund with missing auth token
00:03:44.634 [TestNG-tests-3] INFO  tests.WebhookEventTests - Attempt 5/6 failed. Waiting 1500ms...
00:03:44.868 [TestNG-tests-1] INFO  tests.RefundTests - Successfully verified missing auth error
00:03:44.869 [TestNG-tests-1] INFO  tests.RefundTests - ▶ Running: [TC_11_RetrieveRefund_InvalidId] | Groups: [refund, negative, regression]
00:03:44.870 [TestNG-tests-1] INFO  tests.RefundTests - Thread=TestNG-tests-1 | Class=RefundTests | Test=TC_11_RetrieveRefund_InvalidId
00:03:44.870 [TestNG-tests-1] INFO  tests.RefundTests - Testing retrieve refund with invalid/garbage ID: Invalid prefix ID -> re_invalid_id_12345
00:03:45.092 [TestNG-tests-4] INFO  tests.PaymentIntentTests - ℹ️ Payment method pm_1TyFoUCawgxS6rsgY55B41Ml was never attached, skipping detach
00:03:45.398 [TestNG-tests-1] INFO  tests.RefundTests - Successfully verified retrieve invalid refund error fragment: No such refund
00:03:45.398 [TestNG-tests-1] INFO  tests.RefundTests - ▶ Running: [TC_11_RetrieveRefund_InvalidId] | Groups: [refund, negative, regression]
00:03:45.398 [TestNG-tests-1] INFO  tests.RefundTests - Thread=TestNG-tests-1 | Class=RefundTests | Test=TC_11_RetrieveRefund_InvalidId
00:03:45.398 [TestNG-tests-1] INFO  tests.RefundTests - Testing retrieve refund with invalid/garbage ID: Garbage ID -> garbage_not_a_refund
00:03:45.639 [TestNG-tests-4] INFO  tests.PaymentIntentTests - ℹ️ Payment method pm_1TyFoWCawgxS6rsgpMlLNeUN was never attached, skipping detach
00:03:45.948 [TestNG-tests-1] INFO  tests.RefundTests - Successfully verified retrieve invalid refund error fragment: No such refund
00:03:45.948 [TestNG-tests-1] INFO  tests.RefundTests - ▶ Running: [TC_11_RetrieveRefund_InvalidId] | Groups: [refund, negative, regression]
00:03:45.948 [TestNG-tests-1] INFO  tests.RefundTests - Thread=TestNG-tests-1 | Class=RefundTests | Test=TC_11_RetrieveRefund_InvalidId
00:03:45.948 [TestNG-tests-1] INFO  tests.RefundTests - Testing retrieve refund with invalid/garbage ID: Truncated prefix -> re_
00:03:46.202 [TestNG-tests-4] INFO  tests.PaymentIntentTests - ℹ️ Payment method pm_1TyFoYCawgxS6rsgQmlSwlVu was never attached, skipping detach
00:03:46.535 [TestNG-tests-1] INFO  tests.RefundTests - Successfully verified retrieve invalid refund error fragment: No such refund
00:03:46.535 [TestNG-tests-1] INFO  tests.RefundTests - ▶ Running: [TC_12_RetrieveRefund_InvalidAuth] | Groups: [refund, negative, auth, regression]
00:03:46.535 [TestNG-tests-1] INFO  tests.RefundTests - Thread=TestNG-tests-1 | Class=RefundTests | Test=TC_12_RetrieveRefund_InvalidAuth
00:03:46.536 [TestNG-tests-1] INFO  tests.RefundTests - Testing retrieve refund with invalid auth token
00:03:46.702 [TestNG-tests-3] INFO  tests.WebhookEventTests - Attempt 6/6 failed. Waiting 1500ms...
00:03:46.766 [TestNG-tests-4] INFO  tests.PaymentIntentTests - ℹ️ Payment method pm_1TyFohCawgxS6rsgTNJ5R7kv was never attached, skipping detach
00:03:46.858 [TestNG-tests-1] INFO  tests.RefundTests - Successfully verified invalid auth error for retrieve refund
00:03:46.858 [TestNG-tests-1] INFO  tests.RefundTests - ▶ Running: [TC_13_RetrieveRefund_MissingAuth] | Groups: [refund, negative, auth, regression]
00:03:46.858 [TestNG-tests-1] INFO  tests.RefundTests - Thread=TestNG-tests-1 | Class=RefundTests | Test=TC_13_RetrieveRefund_MissingAuth
00:03:46.858 [TestNG-tests-1] INFO  tests.RefundTests - Testing retrieve refund with missing auth token
00:03:47.178 [TestNG-tests-1] INFO  tests.RefundTests - Successfully verified missing auth error for retrieve refund
00:03:47.179 [TestNG-tests-1] INFO  tests.RefundTests - ▶ Running: [TC_14_CancelRefund_InvalidId] | Groups: [refund, negative, regression]
00:03:47.179 [TestNG-tests-1] INFO  tests.RefundTests - Thread=TestNG-tests-1 | Class=RefundTests | Test=TC_14_CancelRefund_InvalidId
00:03:47.179 [TestNG-tests-1] INFO  tests.RefundTests - Testing cancel refund with invalid ID
00:03:47.367 [TestNG-tests-4] INFO  tests.PaymentIntentTests - ℹ️ Payment method pm_1TyFokCawgxS6rsglLK3wbun was never attached, skipping detach
00:03:47.732 [TestNG-tests-1] INFO  tests.RefundTests - Successfully verified cancel refund invalid ID failure
00:03:47.734 [TestNG-tests-1] INFO  tests.RefundTests - ▶ Running: [TC_15_CancelRefund_AlreadyCancelled] | Groups: [refund, negative, regression]
00:03:47.734 [TestNG-tests-1] INFO  tests.RefundTests - Thread=TestNG-tests-1 | Class=RefundTests | Test=TC_15_CancelRefund_AlreadyCancelled
00:03:47.734 [TestNG-tests-1] INFO  tests.RefundTests - Testing cancel refund already cancelled (double-cancel)
00:03:47.734 [TestNG-tests-1] INFO  tests.RefundTests - Using already-cancelled refund ID from context: pyr_1TyFonCawgxS6rsg5dmiwXHv
00:03:47.734 [TestNG-tests-1] INFO  tests.RefundTests - Attempting second cancel for refund ID: pyr_1TyFonCawgxS6rsg5dmiwXHv
00:03:47.937 [TestNG-tests-4] INFO  tests.PaymentIntentTests - ℹ️ Payment method pm_1TyFomCawgxS6rsg7XzVWyc1 was never attached, skipping detach
00:03:48.204 [TestNG-tests-3] INFO  tests.WebhookEventTests - charge.refunded event not found yet. Polling for refund.created instead
00:03:48.204 [TestNG-tests-3] INFO  tests.WebhookEventTests - Polling for event type [refund.created] with target object ID [re_3TyFomCawgxS6rsg1jLADm71]...
00:03:48.289 [TestNG-tests-1] INFO  tests.RefundTests - Successfully verified second cancel (double-cancel) was rejected
00:03:48.290 [TestNG-tests-1] INFO  tests.RefundTests - ▶ Running: [TC_16_CancelRefund_InvalidAuth] | Groups: [refund, negative, auth, regression]
00:03:48.290 [TestNG-tests-1] INFO  tests.RefundTests - Thread=TestNG-tests-1 | Class=RefundTests | Test=TC_16_CancelRefund_InvalidAuth
00:03:48.290 [TestNG-tests-1] INFO  tests.RefundTests - Testing cancel refund with invalid auth
00:03:48.498 [TestNG-tests-4] INFO  tests.PaymentIntentTests - ℹ️ Payment method pm_1TyFopCawgxS6rsg7MThrDLr was never attached, skipping detach
00:03:48.610 [TestNG-tests-1] INFO  tests.RefundTests - Successfully verified invalid auth error for cancel refund
00:03:48.611 [TestNG-tests-1] INFO  tests.RefundTests - ▶ Running: [TC_17_CancelRefund_MissingAuth] | Groups: [refund, negative, auth, regression]
00:03:48.611 [TestNG-tests-1] INFO  tests.RefundTests - Thread=TestNG-tests-1 | Class=RefundTests | Test=TC_17_CancelRefund_MissingAuth
00:03:48.611 [TestNG-tests-1] INFO  tests.RefundTests - Testing cancel refund with missing auth
00:03:48.750 [TestNG-tests-3] INFO  tests.WebhookEventTests - Found event matching target object ID [re_3TyFomCawgxS6rsg1jLADm71] on attempt 1: Event ID = evt_3TyFomCawgxS6rsg1yLj7IEp
00:03:48.750 [TestNG-tests-3] INFO  tests.WebhookEventTests - Retrieving event: evt_3TyFomCawgxS6rsg1yLj7IEp
00:03:48.918 [TestNG-tests-1] INFO  tests.RefundTests - Successfully verified missing auth error for cancel refund
00:03:48.918 [TestNG-tests-1] INFO  tests.RefundTests - Cleaning up 1 fallback refund(s) created during standalone negative test runs
00:03:48.918 [TestNG-tests-1] INFO  tests.RefundTests - Skipping explicit cleanup for refund ID (already cancelled or non-deletable): re_3TyFogCawgxS6rsg07SVGEHv
00:03:48.919 [TestNG-tests-1] INFO  tests.RefundTests - Cancelling 1 PaymentIntent(s) created during RefundTests
00:03:49.078 [TestNG-tests-4] INFO  tests.PaymentIntentTests - ℹ️ Payment method pm_1TyFosCawgxS6rsgm539z99T was never attached, skipping detach
00:03:49.078 [TestNG-tests-4] INFO  tests.PaymentIntentTests - 🧹 Cleaning up 0 created customers...
00:03:49.078 [TestNG-tests-4] INFO  tests.PaymentIntentTests - ✅ Cleanup complete for PaymentIntentTests.
00:03:49.096 [TestNG-tests-4] INFO  tests.SetupIntentTests - ▶ Running: [TC_02_positive_Create_Setup_Intent_Without_Customer] | Groups: [setup_intent, regression]
00:03:49.096 [TestNG-tests-4] INFO  tests.SetupIntentTests - Thread=TestNG-tests-4 | Class=SetupIntentTests | Test=TC_02_positive_Create_Setup_Intent_Without_Customer
00:03:49.097 [TestNG-tests-4] INFO  tests.SetupIntentTests - Test running under groups: [setup_intent, regression]
00:03:49.370 [TestNG-tests-3] INFO  tests.WebhookEventTests - Successfully validated refund event details
00:03:49.370 [TestNG-tests-3] INFO  tests.WebhookEventTests - ▶ Running: [TC_03_Retrieve_Event_By_Id_Negative] | Groups: [webhook, negative, regression]
00:03:49.370 [TestNG-tests-3] INFO  tests.WebhookEventTests - Thread=TestNG-tests-3 | Class=WebhookEventTests | Test=TC_03_Retrieve_Event_By_Id_Negative
00:03:49.370 [TestNG-tests-3] INFO  tests.WebhookEventTests - Test running under groups: [webhook, negative, regression]
00:03:49.612 [TestNG-tests-1] WARN  tests.RefundTests - Cancel returned HTTP 400 for PaymentIntent pi_3TyFosCawgxS6rsg1zAXp0JU – may already be in a terminal state
00:03:49.626 [TestNG-tests-1] INFO  tests.SubscriptionTests - ▶ Running: [TC_01_positive_Create_Product] | Groups: [subscription, regression, crate_retrieve_delete_product, subscription_e2e, smoke]
00:03:49.626 [TestNG-tests-1] INFO  tests.SubscriptionTests - Thread=TestNG-tests-1 | Class=SubscriptionTests | Test=TC_01_positive_Create_Product
00:03:49.626 [TestNG-tests-1] INFO  tests.SubscriptionTests - Test running under groups: [subscription, regression, crate_retrieve_delete_product, subscription_e2e, smoke]
00:03:49.671 [TestNG-tests-4] INFO  tests.SetupIntentTests - ✅ SetupIntent (no customer) created: seti_1TyFp3CawgxS6rsgBalRs8WM
00:03:49.672 [TestNG-tests-4] INFO  tests.SetupIntentTests - ▶ Running: [TC_03_positive_Create_Setup_Intent_OnSession] | Groups: [setup_intent, regression]
00:03:49.672 [TestNG-tests-4] INFO  tests.SetupIntentTests - Thread=TestNG-tests-4 | Class=SetupIntentTests | Test=TC_03_positive_Create_Setup_Intent_OnSession
00:03:49.672 [TestNG-tests-4] INFO  tests.SetupIntentTests - Testing create setup intent on_session
00:03:49.926 [TestNG-tests-3] INFO  tests.WebhookEventTests - Successfully verified invalid event ID retrieval rejection
00:03:49.926 [TestNG-tests-3] INFO  tests.WebhookEventTests - ▶ Running: [TC_04_ListEvents_InvalidAuth] | Groups: [webhook, negative, auth, regression]
00:03:49.926 [TestNG-tests-3] INFO  tests.WebhookEventTests - Thread=TestNG-tests-3 | Class=WebhookEventTests | Test=TC_04_ListEvents_InvalidAuth
00:03:49.927 [TestNG-tests-3] INFO  tests.WebhookEventTests - Test running under groups: [webhook, negative, auth, regression]
00:03:50.231 [TestNG-tests-4] INFO  tests.SetupIntentTests - ✅ SetupIntent (on_session) created: seti_1TyFp3CawgxS6rsgihO4E58u
00:03:50.231 [TestNG-tests-4] INFO  tests.SetupIntentTests - ▶ Running: [TC_05_negative_Confirm_Setup_Intent_Declined_Card] | Groups: [setup_intent, negative, regression]
00:03:50.231 [TestNG-tests-4] INFO  tests.SetupIntentTests - Thread=TestNG-tests-4 | Class=SetupIntentTests | Test=TC_05_negative_Confirm_Setup_Intent_Declined_Card
00:03:50.232 [TestNG-tests-4] INFO  tests.SetupIntentTests - Running declined card scenario: Declined - Generic
00:03:50.236 [TestNG-tests-1] INFO  tests.SubscriptionTests - POJO validation passed for product: prod_UyCD1KOqY8Lj3e
00:03:50.236 [TestNG-tests-1] INFO  tests.SubscriptionTests - ✅ Product created successfully: prod_UyCD1KOqY8Lj3e
00:03:50.237 [TestNG-tests-1] INFO  tests.SubscriptionTests - ▶ Running: [TC_02_positive_Retrieve_Product] | Groups: [subscription, regression, crate_retrieve_delete_product]
00:03:50.237 [TestNG-tests-1] INFO  tests.SubscriptionTests - Thread=TestNG-tests-1 | Class=SubscriptionTests | Test=TC_02_positive_Retrieve_Product
00:03:50.237 [TestNG-tests-1] INFO  tests.SubscriptionTests - Testing retrieve product
00:03:50.237 [TestNG-tests-1] INFO  tests.SubscriptionTests - Retrieving product ID: prod_UyCD1KOqY8Lj3e
00:03:50.253 [TestNG-tests-3] INFO  tests.WebhookEventTests - Successfully verified list events invalid auth rejection
00:03:50.253 [TestNG-tests-3] INFO  tests.WebhookEventTests - 🧹 Starting cleanup for WebhookEventTests...
00:03:50.253 [TestNG-tests-3] INFO  tests.WebhookEventTests - Deleting 1 fallback customer(s)...
00:03:50.768 [TestNG-tests-1] INFO  tests.SubscriptionTests - ✅ Product retrieved successfully: prod_UyCD1KOqY8Lj3e
00:03:50.769 [TestNG-tests-1] INFO  tests.SubscriptionTests - ▶ Running: [TC_05_positive_Create_Price] | Groups: [subscription, regression, subscription_e2e]
00:03:50.769 [TestNG-tests-1] INFO  tests.SubscriptionTests - Thread=TestNG-tests-1 | Class=SubscriptionTests | Test=TC_05_positive_Create_Price
00:03:50.769 [TestNG-tests-1] INFO  tests.SubscriptionTests - Testing positive create price
00:03:50.769 [TestNG-tests-1] INFO  tests.SubscriptionTests - Creating price for product: prod_UyCD1KOqY8Lj3e
00:03:50.807 [TestNG-tests-4] INFO  tests.SetupIntentTests - Created SetupIntent ID: seti_1TyFp4CawgxS6rsgNgH6ZgSh
00:03:50.920 [TestNG-tests-3] INFO  tests.WebhookEventTests - 🧹 Deleted fallback customer: cus_UyCDBmnLUpLcqH
00:03:50.920 [TestNG-tests-3] INFO  tests.WebhookEventTests - ℹ️ 1 fallback PaymentIntent(s) were created during the test run (cannot be deleted via API):
00:03:50.920 [TestNG-tests-3] INFO  tests.WebhookEventTests -    - PaymentIntent ID: pi_3TyFomCawgxS6rsg1jcxstAR
00:03:50.920 [TestNG-tests-3] INFO  tests.WebhookEventTests -  Cleanup complete for WebhookEventTests.
00:03:50.944 [TestNG-tests-3] INFO  tests.TransferTests - ▶ Running: [TC_01_Create_Valid_Transfer] | Groups: [transfer, regression, create_retrieve_reverse_transfer, marketplace_e2e, smoke]
00:03:50.944 [TestNG-tests-3] INFO  tests.TransferTests - Thread=TestNG-tests-3 | Class=TransferTests | Test=TC_01_Create_Valid_Transfer
00:03:50.944 [TestNG-tests-3] INFO  tests.TransferTests - Test running under groups: [transfer, regression, create_retrieve_reverse_transfer, marketplace_e2e, smoke]
00:03:51.057 [TestNG-tests-2] INFO  tests.AccountTests - Created Account ID: acct_1TyFoyCawgow4WNE
00:03:51.058 [TestNG-tests-2] INFO  tests.AccountTests - ▶ Running: [TC_06_CreateAccount_MinimalPayload] | Groups: [accounts, regression]
00:03:51.058 [TestNG-tests-2] INFO  tests.AccountTests - Thread=TestNG-tests-2 | Class=AccountTests | Test=TC_06_CreateAccount_MinimalPayload
00:03:51.058 [TestNG-tests-2] INFO  tests.AccountTests - Testing create account with minimal payload
00:03:51.382 [TestNG-tests-1] INFO  tests.SubscriptionTests - POJO validation passed for price: price_1TyFp4CawgxS6rsg9676kKTE
00:03:51.382 [TestNG-tests-1] INFO  tests.SubscriptionTests - ✅ Price created successfully: price_1TyFp4CawgxS6rsg9676kKTE
00:03:51.383 [TestNG-tests-1] INFO  tests.SubscriptionTests - ▶ Running: [TC_06_positive_Create_Price_Intervals] | Groups: [subscription, regression]
00:03:51.383 [TestNG-tests-1] INFO  tests.SubscriptionTests - Thread=TestNG-tests-1 | Class=SubscriptionTests | Test=TC_06_positive_Create_Price_Intervals
00:03:51.383 [TestNG-tests-1] INFO  tests.SubscriptionTests - Creating price for: Monthly Plan
00:03:51.476 [TestNG-tests-4] INFO  tests.SetupIntentTests - Created payment method ID: pm_1TyFp4CawgxS6rsgIyxB95xj with token tok_chargeDeclined
00:03:51.476 [TestNG-tests-4] INFO  tests.SetupIntentTests - Attempting to confirm SetupIntent with declined payment method
00:03:51.980 [TestNG-tests-1] INFO  tests.SubscriptionTests - ✅ Successfully created price with interval: month
00:03:51.981 [TestNG-tests-1] INFO  tests.SubscriptionTests - ▶ Running: [TC_06_positive_Create_Price_Intervals] | Groups: [subscription, regression]
00:03:51.981 [TestNG-tests-1] INFO  tests.SubscriptionTests - Thread=TestNG-tests-1 | Class=SubscriptionTests | Test=TC_06_positive_Create_Price_Intervals
00:03:51.981 [TestNG-tests-1] INFO  tests.SubscriptionTests - Creating price for: Yearly Plan
00:03:52.149 [TestNG-tests-2] INFO  tests.AccountTests - Created Account ID: acct_1TyFp5CawgIp55YU
00:03:52.150 [TestNG-tests-2] INFO  tests.AccountTests - ▶ Running: [TC_07_CreateAccount_InvalidCountryCode] | Groups: [accounts, negative, regression]
00:03:52.150 [TestNG-tests-2] INFO  tests.AccountTests - Thread=TestNG-tests-2 | Class=AccountTests | Test=TC_07_CreateAccount_InvalidCountryCode
00:03:52.150 [TestNG-tests-2] INFO  tests.AccountTests - Testing create account invalid country code: Unsupported Country (SY) -> SY
00:03:52.273 [TestNG-tests-3] INFO  tests.TransferTests - No PaymentIntent in context – created fallback: pi_3TyFp5CawgxS6rsg1BN57tp2
00:03:52.579 [TestNG-tests-1] INFO  tests.SubscriptionTests - ✅ Successfully created price with interval: year
00:03:52.580 [TestNG-tests-1] INFO  tests.SubscriptionTests - ▶ Running: [TC_06_positive_Create_Price_Intervals] | Groups: [subscription, regression]
00:03:52.580 [TestNG-tests-1] INFO  tests.SubscriptionTests - Thread=TestNG-tests-1 | Class=SubscriptionTests | Test=TC_06_positive_Create_Price_Intervals
00:03:52.580 [TestNG-tests-1] INFO  tests.SubscriptionTests - Creating price for: Weekly Plan
00:03:52.967 [TestNG-tests-2] INFO  tests.AccountTests - Successfully verified invalid country code error fragment: Account creation is currently unavailable
00:03:52.967 [TestNG-tests-2] INFO  tests.AccountTests - ▶ Running: [TC_07_CreateAccount_InvalidCountryCode] | Groups: [accounts, negative, regression]
00:03:52.967 [TestNG-tests-2] INFO  tests.AccountTests - Thread=TestNG-tests-2 | Class=AccountTests | Test=TC_07_CreateAccount_InvalidCountryCode
00:03:52.967 [TestNG-tests-2] INFO  tests.AccountTests - Testing create account invalid country code: Unsupported Country (IR) -> IR
00:03:52.999 [TestNG-tests-4] INFO  tests.SetupIntentTests - ✅ Correctly declined: Declined - Generic → card_declined
00:03:52.999 [TestNG-tests-4] INFO  tests.SetupIntentTests - ▶ Running: [TC_05_negative_Confirm_Setup_Intent_Declined_Card] | Groups: [setup_intent, negative, regression]
00:03:52.999 [TestNG-tests-4] INFO  tests.SetupIntentTests - Thread=TestNG-tests-4 | Class=SetupIntentTests | Test=TC_05_negative_Confirm_Setup_Intent_Declined_Card
00:03:52.999 [TestNG-tests-4] INFO  tests.SetupIntentTests - Running declined card scenario: Declined - Insufficient Funds
00:03:53.194 [TestNG-tests-1] INFO  tests.SubscriptionTests - ✅ Successfully created price with interval: week
00:03:53.194 [TestNG-tests-1] INFO  tests.SubscriptionTests - ▶ Running: [TC_07_positive_Retrieve_Price] | Groups: [subscription, regression]
00:03:53.194 [TestNG-tests-1] INFO  tests.SubscriptionTests - Thread=TestNG-tests-1 | Class=SubscriptionTests | Test=TC_07_positive_Retrieve_Price
00:03:53.195 [TestNG-tests-1] INFO  tests.SubscriptionTests - Testing retrieve price
00:03:53.195 [TestNG-tests-1] INFO  tests.SubscriptionTests - Retrieving price ID: price_1TyFp4CawgxS6rsg9676kKTE
00:03:53.513 [TestNG-tests-3] INFO  tests.TransferTests - PaymentIntent pi_3TyFp5CawgxS6rsg1BN57tp2 → amount_received: 2000, latest_charge: ch_3TyFp5CawgxS6rsg1J4hRixG
00:03:53.513 [TestNG-tests-3] INFO  tests.TransferTests - Using source_transaction: ch_3TyFp5CawgxS6rsg1J4hRixG
00:03:53.561 [TestNG-tests-4] INFO  tests.SetupIntentTests - Created SetupIntent ID: seti_1TyFp7CawgxS6rsgbgSIG7KB
00:03:53.737 [TestNG-tests-1] INFO  tests.SubscriptionTests - ✅ Price retrieved successfully: price_1TyFp4CawgxS6rsg9676kKTE
00:03:53.738 [TestNG-tests-1] INFO  tests.SubscriptionTests - ▶ Running: [TC_08_negative_Create_Price_Invalid] | Groups: [subscription, negative, regression]
00:03:53.738 [TestNG-tests-1] INFO  tests.SubscriptionTests - Thread=TestNG-tests-1 | Class=SubscriptionTests | Test=TC_08_negative_Create_Price_Invalid
00:03:53.738 [TestNG-tests-1] INFO  tests.SubscriptionTests - Running invalid price body case: Missing Product
00:03:53.766 [TestNG-tests-2] INFO  tests.AccountTests - Successfully verified invalid country code error fragment: Account creation is currently unavailable
00:03:53.766 [TestNG-tests-2] INFO  tests.AccountTests - ▶ Running: [TC_07_CreateAccount_InvalidCountryCode] | Groups: [accounts, negative, regression]
00:03:53.766 [TestNG-tests-2] INFO  tests.AccountTests - Thread=TestNG-tests-2 | Class=AccountTests | Test=TC_07_CreateAccount_InvalidCountryCode
00:03:53.767 [TestNG-tests-2] INFO  tests.AccountTests - Testing create account invalid country code: Unsupported Country (KP) -> KP
00:03:54.189 [TestNG-tests-4] INFO  tests.SetupIntentTests - Created payment method ID: pm_1TyFp7CawgxS6rsgboWYNxab with token tok_visa_chargeDeclinedInsufficientFunds
00:03:54.189 [TestNG-tests-4] INFO  tests.SetupIntentTests - Attempting to confirm SetupIntent with declined payment method
00:03:54.286 [TestNG-tests-1] INFO  tests.SubscriptionTests - ✅ Correctly rejected invalid price body: Missing Product
00:03:54.286 [TestNG-tests-1] INFO  tests.SubscriptionTests - ▶ Running: [TC_08_negative_Create_Price_Invalid] | Groups: [subscription, negative, regression]
00:03:54.286 [TestNG-tests-1] INFO  tests.SubscriptionTests - Thread=TestNG-tests-1 | Class=SubscriptionTests | Test=TC_08_negative_Create_Price_Invalid
00:03:54.286 [TestNG-tests-1] INFO  tests.SubscriptionTests - Running invalid price body case: Negative Amount
00:03:54.620 [TestNG-tests-2] INFO  tests.AccountTests - Successfully verified invalid country code error fragment: Account creation is currently unavailable
00:03:54.620 [TestNG-tests-2] INFO  tests.AccountTests - ▶ Running: [TC_07_CreateAccount_InvalidCountryCode] | Groups: [accounts, negative, regression]
00:03:54.620 [TestNG-tests-2] INFO  tests.AccountTests - Thread=TestNG-tests-2 | Class=AccountTests | Test=TC_07_CreateAccount_InvalidCountryCode
00:03:54.620 [TestNG-tests-2] INFO  tests.AccountTests - Testing create account invalid country code: Empty Country Code -> 
00:03:54.839 [TestNG-tests-1] INFO  tests.SubscriptionTests - ✅ Correctly rejected invalid price body: Negative Amount
00:03:54.839 [TestNG-tests-1] INFO  tests.SubscriptionTests - ▶ Running: [TC_08_negative_Create_Price_Invalid] | Groups: [subscription, negative, regression]
00:03:54.839 [TestNG-tests-1] INFO  tests.SubscriptionTests - Thread=TestNG-tests-1 | Class=SubscriptionTests | Test=TC_08_negative_Create_Price_Invalid
00:03:54.840 [TestNG-tests-1] INFO  tests.SubscriptionTests - Running invalid price body case: Invalid Currency
00:03:55.152 [TestNG-tests-2] INFO  tests.AccountTests - Successfully verified invalid country code error fragment: country
00:03:55.152 [TestNG-tests-2] INFO  tests.AccountTests - ▶ Running: [TC_07_CreateAccount_InvalidCountryCode] | Groups: [accounts, negative, regression]
00:03:55.152 [TestNG-tests-2] INFO  tests.AccountTests - Thread=TestNG-tests-2 | Class=AccountTests | Test=TC_07_CreateAccount_InvalidCountryCode
00:03:55.152 [TestNG-tests-2] INFO  tests.AccountTests - Testing create account invalid country code: Numeric Country Code -> 99
00:03:55.235 [TestNG-tests-3] INFO  tests.TransferTests - POJO validation passed for transfer: tr_3TyFp5CawgxS6rsg1pKstBAc
00:03:55.235 [TestNG-tests-3] INFO  tests.TransferTests - Created Transfer ID: tr_3TyFp5CawgxS6rsg1pKstBAc
00:03:55.235 [TestNG-tests-3] INFO  tests.TransferTests - ▶ Running: [TC_02_Retrieve_Transfer] | Groups: [transfer, regression, create_retrieve_reverse_transfer]
00:03:55.235 [TestNG-tests-3] INFO  tests.TransferTests - Thread=TestNG-tests-3 | Class=TransferTests | Test=TC_02_Retrieve_Transfer
00:03:55.235 [TestNG-tests-3] INFO  tests.TransferTests - Fetched transfer ID from context --> tr_3TyFp5CawgxS6rsg1pKstBAc
00:03:55.235 [TestNG-tests-3] INFO  tests.TransferTests - Using active transfer ID --> tr_3TyFp5CawgxS6rsg1pKstBAc
00:03:55.235 [TestNG-tests-3] INFO  tests.TransferTests - Retrieving transfer with ID: tr_3TyFp5CawgxS6rsg1pKstBAc
00:03:55.328 [TestNG-tests-4] INFO  tests.SetupIntentTests - ✅ Correctly declined: Declined - Insufficient Funds → card_declined
00:03:55.328 [TestNG-tests-4] INFO  tests.SetupIntentTests - ▶ Running: [TC_05_negative_Confirm_Setup_Intent_Declined_Card] | Groups: [setup_intent, negative, regression]
00:03:55.328 [TestNG-tests-4] INFO  tests.SetupIntentTests - Thread=TestNG-tests-4 | Class=SetupIntentTests | Test=TC_05_negative_Confirm_Setup_Intent_Declined_Card
00:03:55.328 [TestNG-tests-4] INFO  tests.SetupIntentTests - Running declined card scenario: Declined - Expired Card
00:03:55.394 [TestNG-tests-1] INFO  tests.SubscriptionTests - ✅ Correctly rejected invalid price body: Invalid Currency
00:03:55.395 [TestNG-tests-1] INFO  tests.SubscriptionTests - ▶ Running: [TC_04_negative_Create_Product_Invalid] | Groups: [subscription, negative, regression]
00:03:55.395 [TestNG-tests-1] INFO  tests.SubscriptionTests - Thread=TestNG-tests-1 | Class=SubscriptionTests | Test=TC_04_negative_Create_Product_Invalid
00:03:55.395 [TestNG-tests-1] INFO  tests.SubscriptionTests - Running invalid product body case: Missing Name
00:03:55.688 [TestNG-tests-2] INFO  tests.AccountTests - Successfully verified invalid country code error fragment: country
00:03:55.688 [TestNG-tests-2] INFO  tests.AccountTests - ▶ Running: [TC_07_CreateAccount_InvalidCountryCode] | Groups: [accounts, negative, regression]
00:03:55.688 [TestNG-tests-2] INFO  tests.AccountTests - Thread=TestNG-tests-2 | Class=AccountTests | Test=TC_07_CreateAccount_InvalidCountryCode
00:03:55.688 [TestNG-tests-2] INFO  tests.AccountTests - Testing create account invalid country code: Too Long Country Code -> USAA
00:03:55.776 [TestNG-tests-3] INFO  tests.TransferTests - POJO validation passed for retrieved transfer: tr_3TyFp5CawgxS6rsg1pKstBAc
00:03:55.776 [TestNG-tests-3] INFO  tests.TransferTests - Successfully retrieved transfer with ID: tr_3TyFp5CawgxS6rsg1pKstBAc
00:03:55.776 [TestNG-tests-3] INFO  tests.TransferTests - ▶ Running: [TC_03_Reverse_Transfer] | Groups: [transfer, regression, create_retrieve_reverse_transfer]
00:03:55.776 [TestNG-tests-3] INFO  tests.TransferTests - Thread=TestNG-tests-3 | Class=TransferTests | Test=TC_03_Reverse_Transfer
00:03:55.776 [TestNG-tests-3] INFO  tests.TransferTests - Fetched transfer ID from context --> tr_3TyFp5CawgxS6rsg1pKstBAc
00:03:55.776 [TestNG-tests-3] INFO  tests.TransferTests - Using active transfer ID --> tr_3TyFp5CawgxS6rsg1pKstBAc
00:03:55.776 [TestNG-tests-3] INFO  tests.TransferTests - Reversing transfer with ID: tr_3TyFp5CawgxS6rsg1pKstBAc
00:03:55.901 [TestNG-tests-4] INFO  tests.SetupIntentTests - Created SetupIntent ID: seti_1TyFp9CawgxS6rsgaxfqpFZd
00:03:55.932 [TestNG-tests-1] INFO  tests.SubscriptionTests - ✅ Correctly rejected invalid product body: Missing Name
00:03:55.932 [TestNG-tests-1] INFO  tests.SubscriptionTests - ▶ Running: [TC_04_negative_Create_Product_Invalid] | Groups: [subscription, negative, regression]
00:03:55.932 [TestNG-tests-1] INFO  tests.SubscriptionTests - Thread=TestNG-tests-1 | Class=SubscriptionTests | Test=TC_04_negative_Create_Product_Invalid
00:03:55.933 [TestNG-tests-1] INFO  tests.SubscriptionTests - Running invalid product body case: Empty Name
00:03:56.227 [TestNG-tests-2] INFO  tests.AccountTests - Successfully verified invalid country code error fragment: country
00:03:56.228 [TestNG-tests-2] INFO  tests.AccountTests - ▶ Running: [TC_08_CreateAccount_InvalidEmailFormat] | Groups: [accounts, negative, regression]
00:03:56.228 [TestNG-tests-2] INFO  tests.AccountTests - Thread=TestNG-tests-2 | Class=AccountTests | Test=TC_08_CreateAccount_InvalidEmailFormat
00:03:56.228 [TestNG-tests-2] INFO  tests.AccountTests - Testing create account with invalid email format
00:03:56.475 [TestNG-tests-1] INFO  tests.SubscriptionTests - ✅ Correctly rejected invalid product body: Empty Name
00:03:56.476 [TestNG-tests-1] INFO  tests.SubscriptionTests - ▶ Running: [TC_03_positive_Delete_Product] | Groups: [subscription, regression, crate_retrieve_delete_product]
00:03:56.476 [TestNG-tests-1] INFO  tests.SubscriptionTests - Thread=TestNG-tests-1 | Class=SubscriptionTests | Test=TC_03_positive_Delete_Product
00:03:56.476 [TestNG-tests-1] INFO  tests.SubscriptionTests - Testing delete product
00:03:56.499 [TestNG-tests-4] INFO  tests.SetupIntentTests - Created payment method ID: pm_1TyFp9CawgxS6rsg7fK3inXy with token tok_chargeDeclinedExpiredCard
00:03:56.499 [TestNG-tests-4] INFO  tests.SetupIntentTests - Attempting to confirm SetupIntent with declined payment method
00:03:56.784 [TestNG-tests-2] INFO  tests.AccountTests - Successfully verified invalid email format rejection
00:03:56.784 [TestNG-tests-2] INFO  tests.AccountTests - ▶ Running: [TC_09_CreateAccount_EmptyEmail] | Groups: [accounts, negative, regression]
00:03:56.784 [TestNG-tests-2] INFO  tests.AccountTests - Thread=TestNG-tests-2 | Class=AccountTests | Test=TC_09_CreateAccount_EmptyEmail
00:03:56.784 [TestNG-tests-2] INFO  tests.AccountTests - Testing create account with empty email
00:03:57.282 [TestNG-tests-3] INFO  tests.TransferTests - Successfully reversed transfer with ID: tr_3TyFp5CawgxS6rsg1pKstBAc
00:03:57.282 [TestNG-tests-3] INFO  tests.TransferTests - ▶ Running: [TC_04_CreateTransfer_InvalidDestination] | Groups: [transfer, negative, regression]
00:03:57.282 [TestNG-tests-3] INFO  tests.TransferTests - Thread=TestNG-tests-3 | Class=TransferTests | Test=TC_04_CreateTransfer_InvalidDestination
00:03:57.282 [TestNG-tests-3] INFO  tests.TransferTests - Testing create transfer with invalid destination
00:03:57.636 [TestNG-tests-1] INFO  tests.SubscriptionTests - Context product missing or already priced — created dedicated product for deletion: prod_UyCD0FkWe82cDU
00:03:57.636 [TestNG-tests-1] INFO  tests.SubscriptionTests - Deleting product ID: prod_UyCD0FkWe82cDU
00:03:57.835 [TestNG-tests-3] INFO  tests.TransferTests - Successfully verified invalid destination error
00:03:57.837 [TestNG-tests-3] INFO  tests.TransferTests - ▶ Running: [TC_05_CreateTransfer_NegativeAmount] | Groups: [transfer, negative, regression]
00:03:57.837 [TestNG-tests-3] INFO  tests.TransferTests - Thread=TestNG-tests-3 | Class=TransferTests | Test=TC_05_CreateTransfer_NegativeAmount
00:03:57.837 [TestNG-tests-3] INFO  tests.TransferTests - Testing create transfer with negative amount
00:03:57.914 [TestNG-tests-4] INFO  tests.SetupIntentTests - ✅ Correctly declined: Declined - Expired Card → expired_card
00:03:57.914 [TestNG-tests-4] INFO  tests.SetupIntentTests - ▶ Running: [TC_05_negative_Confirm_Setup_Intent_Declined_Card] | Groups: [setup_intent, negative, regression]
00:03:57.914 [TestNG-tests-4] INFO  tests.SetupIntentTests - Thread=TestNG-tests-4 | Class=SetupIntentTests | Test=TC_05_negative_Confirm_Setup_Intent_Declined_Card
00:03:57.914 [TestNG-tests-4] INFO  tests.SetupIntentTests - Running declined card scenario: Declined - Processing Error
00:03:58.227 [TestNG-tests-1] INFO  tests.SubscriptionTests - ✅ Product deleted successfully: prod_UyCD0FkWe82cDU
00:03:58.228 [TestNG-tests-1] INFO  tests.SubscriptionTests - ▶ Running: [TC_09_positive_Create_Subscription] | Groups: [subscription, regression, subscription_e2e, smoke]
00:03:58.228 [TestNG-tests-1] INFO  tests.SubscriptionTests - Thread=TestNG-tests-1 | Class=SubscriptionTests | Test=TC_09_positive_Create_Subscription
00:03:58.228 [TestNG-tests-1] INFO  tests.SubscriptionTests - Test running under groups: [subscription, regression, subscription_e2e, smoke]
00:03:58.228 [TestNG-tests-1] INFO  tests.SubscriptionTests - Testing positive create subscription
00:03:58.500 [TestNG-tests-4] INFO  tests.SetupIntentTests - Created SetupIntent ID: seti_1TyFpBCawgxS6rsgPQx74lx5
00:03:59.124 [TestNG-tests-4] INFO  tests.SetupIntentTests - Created payment method ID: pm_1TyFpCCawgxS6rsgzBnlOwP6 with token tok_chargeDeclinedProcessingError
00:03:59.124 [TestNG-tests-4] INFO  tests.SetupIntentTests - Attempting to confirm SetupIntent with declined payment method
00:04:00.469 [TestNG-tests-4] INFO  tests.SetupIntentTests - ✅ Correctly declined: Declined - Processing Error → processing_error
00:04:00.470 [TestNG-tests-4] INFO  tests.SetupIntentTests - ▶ Running: [TC_06_negative_Confirm_Already_Succeeded_Setup_Intent] | Groups: [setup_intent, negative, regression]
00:04:00.470 [TestNG-tests-4] INFO  tests.SetupIntentTests - Thread=TestNG-tests-4 | Class=SetupIntentTests | Test=TC_06_negative_Confirm_Already_Succeeded_Setup_Intent
00:04:00.470 [TestNG-tests-4] INFO  tests.SetupIntentTests - Testing confirm already succeeded SetupIntent
00:04:01.146 [TestNG-tests-3] INFO  tests.TransferTests - Created connect account ID for TC_05: acct_1TyFpBCyqTWgxznW
00:04:01.283 [TestNG-tests-1] INFO  tests.SubscriptionTests - Created subscription ready customer ID: cus_UyCD29p75TpWhn
00:04:01.283 [TestNG-tests-1] INFO  tests.SubscriptionTests - Creating subscription for customer: cus_UyCD29p75TpWhn with price: price_1TyFp4CawgxS6rsg9676kKTE
00:04:01.688 [TestNG-tests-3] INFO  tests.TransferTests - Successfully verified negative amount rejection
00:04:01.688 [TestNG-tests-3] INFO  tests.TransferTests - ▶ Running: [TC_06_CreateTransfer_ZeroAmount] | Groups: [transfer, negative, regression]
00:04:01.688 [TestNG-tests-3] INFO  tests.TransferTests - Thread=TestNG-tests-3 | Class=TransferTests | Test=TC_06_CreateTransfer_ZeroAmount
00:04:01.688 [TestNG-tests-3] INFO  tests.TransferTests - Testing create transfer with zero amount
00:04:03.696 [TestNG-tests-2] INFO  tests.AccountTests - Account created unexpectedly, adding to fallback cleanup ID: acct_1TyFpACawg4ZWWT1
00:04:03.697 [TestNG-tests-2] ERROR listeners.ExtentReportListener - 
╔══════════════════════════════════════════════════════════╗
00:04:03.697 [TestNG-tests-2] ERROR listeners.ExtentReportListener - ║  REQUEST/RESPONSE LOG FOR FAILED TEST: TC_09_CreateAccount_EmptyEmail  
00:04:03.697 [TestNG-tests-2] ERROR listeners.ExtentReportListener - ╚══════════════════════════════════════════════════════════╝
00:04:03.697 [TestNG-tests-2] ERROR listeners.ExtentReportListener - 
========== API REQUEST ==========
Method  : POST
URI     : https://api.stripe.com/v2/core/accounts
Headers :
Authorization=Bearer
Stripe-Version=2026-04-08.preview
Accept=*/*
Content-Type=application/json
Body    :
{"contact_email":"","display_name":"Lemuel","identity":{"country":"us","entity_type":"company","business_details":{"registered_name":"Lemuel"}},"configuration":{"customer":{"capabilities":{"automatic_indirect_tax":{"requested":true}}},"merchant":{"capabilities":{"card_payments":{"requested":true}}}},"defaults":{"responsibilities":{"fees_collector":"stripe","losses_collector":"stripe"}},"dashboard":"full","include":["configuration.customer","configuration.merchant","identity","defaults"]}
========== API RESPONSE ==========
Status  : 200
Headers :
Server=nginx
Date=Tue, 28 Jul 2026 18:34:03 GMT
Content-Type=application/json
Content-Length=3706
Connection=keep-alive
Access-Control-Allow-Methods=DELETE, GET, HEAD, PATCH, POST, PUT
Access-Control-Allow-Origin=*
Access-Control-Expose-Headers=Request-Id, Stripe-Manage-Version, Stripe-Should-Retry, X-Stripe-External-Auth-Required, X-Stripe-Privileged-Session-Required
Access-Control-Max-Age=300
Cache-Control=max-age=0, no-cache, no-store, must-revalidate
Content-Security-Policy=base-uri 'none'; default-src 'none'; form-action 'none'; frame-ancestors 'none'; img-src 'self'; object-src 'none'; script-src 'self' 'report-sample'; style-src 'self'; worker-src 'none'; upgrade-insecure-requests; report-uri https://q.stripe.com/csp-violation?q=gQbUAQZ9pn6FaqebjBFX9igJbbYOmzivHdmhEACENA6R1heP4Cky0wmJHajf5WPPLBR9Z9UlOYc%3D; report-to csp
Cross-Origin-Opener-Policy=same-origin; report-to="wsp_coop"
Expires=0
Idempotency-Key=1a6bc1bd-a86b-38bc-85d3-3a2f27ff9ddf
Pragma=no-cache
Referrer-Policy=strict-origin-when-cross-origin
Report-To={"group":"coop","max_age":8640,"endpoints":[{"url":"https://q.stripe.com/coop-report"}],"include_subdomains":true}, {"group":"wsp_coop","max_age":8640,"endpoints":[{"url":"https://q.stripe.com/coop-report?s=gQbUAQZ9pn6FaqebjBFX9igJbbYOmzivHdmhEACENA6R1heP4Cky0wmJHajf5WPPLBR9Z9UlOYc="}],"include_subdomains":true}, {"group":"wsp_coep","max_age":8640,"endpoints":[{"url":"https://q.stripe.com/coep-report?s=gQbUAQZ9pn6FaqebjBFX9igJbbYOmzivHdmhEACENA6R1heP4Cky0wmJHajf5WPPLBR9Z9UlOYc="}],"include_subdomains":true}, {"group":"csp","max_age":8640,"endpoints":[{"url":"https://q.stripe.com/csp-report-v2?q=gQbUAQZ9pn6FaqebjBFX9igJbbYOmzivHdmhEACENA6R1heP4Cky0wmJHajf5WPPLBR9Z9UlOYc%3D&t=1"}],"include_subdomains":true}
Reporting-Endpoints=coop="https://q.stripe.com/coop-report", wsp_coop="https://q.stripe.com/coop-report?s=gQbUAQZ9pn6FaqebjBFX9igJbbYOmzivHdmhEACENA6R1heP4Cky0wmJHajf5WPPLBR9Z9UlOYc=", wsp_coep="https://q.stripe.com/coep-report?s=gQbUAQZ9pn6FaqebjBFX9igJbbYOmzivHdmhEACENA6R1heP4Cky0wmJHajf5WPPLBR9Z9UlOYc=", csp="https://q.stripe.com/csp-report-v2?q=gQbUAQZ9pn6FaqebjBFX9igJbbYOmzivHdmhEACENA6R1heP4Cky0wmJHajf5WPPLBR9Z9UlOYc%3D&t=1"
Request-Id=req_v2op9CYh0xy0PjOXJ
Vary=Origin
X-Content-Type-Options=nosniff
X-Robots-Tag=none
X-Wc=3ff
Strict-Transport-Security=max-age=63072000; includeSubDomains; preload
Body    :
{
    "id": "acct_1TyFpACawg4ZWWT1",
    "object": "v2.core.account",
    "applied_configurations": [
        "customer",
        "merchant"
    ],
    "closed": false,
    "configuration": {
        "customer": {
            "applied": true,
            "automatic_indirect_tax": {
                "exempt": "none",
                "ip_address": null,
                "location": null,
                "location_source": null
            },
            "billing": {
                "default_payment_method": null,
                "invoice": {
                    "custom_fields": [
                        
                    ],
                    "footer": null,
                    "next_sequence": 1,
                    "prefix": "TCXNLDTM",
                    "rendering": null
                }
            },
            "capabilities": {
                "automatic_indirect_tax": {
                    "status": "restricted",
                    "status_details": [
                        {
                            "code": "requirements_past_due",
                            "resolution": "provide_info"
                        }
                    ]
                }
            },
            "shipping": null,
            "test_clock": null
        },
        "merchant": {
            "applied": true,
            "bacs_debit_payments": null,
            "branding": {
                "icon": null,
                "logo": null,
                "primary_color": null,
                "secondary_color": null
            },
            "capabilities": {
                "ach_debit_payments": null,
                "acss_debit_payments": null,
                "affirm_payments": null,
                "afterpay_clearpay_payments": null,
                "alma_payments": null,
                "amazon_pay_payments": null,
                "au_becs_debit_payments": null,
                "bacs_debit_payments": null,
                "bancontact_payments": null,
                "blik_payments": null,
                "boleto_payments": null,
                "card_payments": {
                    "status": "restricted",
                    "status_details": [
                        {
                            "code": "requirements_past_due",
                            "resolution": "provide_info"
                        }
                    ]
                },
                "cartes_bancaires_payments": null,
                "cashapp_payments": null,
                "eps_payments": null,
                "fpx_payments": null,
                "gb_bank_transfer_payments": null,
                "grabpay_payments": null,
                "ideal_payments": null,
                "jcb_payments": null,
                "jp_bank_transfer_payments": null,
                "kakao_pay_payments": null,
                "klarna_payments": null,
                "konbini_payments": null,
                "kr_card_payments": null,
                "link_payments": null,
                "mobilepay_payments": null,
                "multibanco_payments": null,
                "mx_bank_transfer_payments": null,
                "naver_pay_payments": null,
                "oxxo_payments": null,
                "p24_payments": null,
                "pay_by_bank_payments": null,
                "payco_payments": null,
                "paynow_payments": null,
                "promptpay_payments": null,
                "revolut_pay_payments": null,
                "samsung_pay_payments": null,
                "sepa_bank_transfer_payments": null,
                "sepa_debit_payments": null,
                "stripe_balance": {
                    "payouts": {
                        "status": "restricted",
                        "status_details": [
                            {
                                "code": "requirements_past_due",
                                "resolution": "provide_info"
                            }
                        ]
                    }
                },
                "swish_payments": null,
                "twint_payments": null,
                "us_bank_transfer_payments": null,
                "zip_payments": null
            },
            "card_payments": {
                "decline_on": {
                    "avs_failure": false,
                    "cvc_failure": false
                }
            },
            "konbini_payments": null,
            "mcc": null,
            "script_statement_descriptor": {
                "kana": {
                    "descriptor": null,
                    "prefix": null
                },
                "kanji": {
                    "descriptor": null,
                    "prefix": null
                }
            },
            "sepa_debit_payments": null,
            "smart_disputes": {
                "auto_respond": {
                    "preference": "inherit",
                    "value": "on"
                }
            },
            "statement_descriptor": {
                "descriptor": null,
                "prefix": null
            },
            "support": {
                "address": {
                    "city": null,
                    "country": null,
                    "line1": null,
                    "line2": null,
                    "postal_code": null,
                    "state": null,
                    "town": null
                },
                "email": null,
                "phone": null,
                "url": null
            }
        },
        "recipient": null
    },
    "contact_email": null,
    "contact_phone": null,
    "created": "2026-07-28T18:34:00.000Z",
    "dashboard": "full",
    "identity": {
        "attestations": {
            "directorship_declaration": null,
            "ownership_declaration": null,
            "persons_provided": {
                "directors": false,
                "executives": false,
                "owners": false,
                "ownership_exemption_reason": null
            },
            "representative_declaration": null,
            "terms_of_service": {
                "account": null
            }
        },
        "business_details": {
            "address": null,
            "annual_revenue": null,
            "documents": null,
            "estimated_worker_count": null,
            "id_numbers": [
                
            ],
            "monthly_estimated_revenue": null,
            "phone": null,
            "registered_name": "Lemuel",
            "registration_date": null,
            "script_addresses": null,
            "script_names": null,
            "structure": null
        },
        "country": "US",
        "entity_type": "company",
        "individual": null
    },
    "defaults": {
        "currency": "usd",
        "locales": [
            
        ],
        "profile": {
            "business_url": null,
            "doing_business_as": null,
            "product_description": null
        },
        "responsibilities": {
            "fees_collector": "stripe",
            "losses_collector": "stripe",
            "requirements_collector": "stripe"
        },
        "timezone": null
    },
    "display_name": "Lemuel",
    "future_requirements": null,
    "metadata": {
        
    },
    "requirements": null,
    "livemode": false
}
==================================
00:04:03.697 [TestNG-tests-2] ERROR listeners.ExtentReportListener - ╔══════════════════════════════════════════════════════════╗
00:04:03.697 [TestNG-tests-2] ERROR listeners.ExtentReportListener - ║  END OF REQUEST/RESPONSE LOG                             ║
00:04:03.697 [TestNG-tests-2] ERROR listeners.ExtentReportListener - ╚══════════════════════════════════════════════════════════╝
00:04:03.698 [TestNG-tests-2] INFO  tests.AccountTests - ▶ Running: [TC_10_CreateAccount_InvalidAuth] | Groups: [accounts, auth, negative, regression]
00:04:03.698 [TestNG-tests-2] INFO  tests.AccountTests - Thread=TestNG-tests-2 | Class=AccountTests | Test=TC_10_CreateAccount_InvalidAuth
00:04:03.698 [TestNG-tests-2] INFO  tests.AccountTests - Testing create account with invalid auth
00:04:03.866 [TestNG-tests-4] INFO  tests.SetupIntentTests - Created and confirmed SetupIntent ID: seti_1TyFpGCawgxS6rsgzDYJPBap
00:04:03.866 [TestNG-tests-4] INFO  tests.SetupIntentTests - Attempting to confirm already succeeded SetupIntent ID: seti_1TyFpGCawgxS6rsgzDYJPBap
00:04:04.028 [TestNG-tests-2] INFO  tests.AccountTests - Successfully verified invalid auth rejection
00:04:04.028 [TestNG-tests-2] INFO  tests.AccountTests - ▶ Running: [TC_11_CreateAccount_MissingAuth] | Groups: [accounts, auth, negative, regression]
00:04:04.028 [TestNG-tests-2] INFO  tests.AccountTests - Thread=TestNG-tests-2 | Class=AccountTests | Test=TC_11_CreateAccount_MissingAuth
00:04:04.029 [TestNG-tests-2] INFO  tests.AccountTests - Testing create account with missing auth
00:04:04.345 [TestNG-tests-2] INFO  tests.AccountTests - Successfully verified missing auth rejection
00:04:04.346 [TestNG-tests-2] INFO  tests.AccountTests - ▶ Running: [TC_12_CreateAccount_EmptyDisplayName] | Groups: [accounts, negative, regression]
00:04:04.346 [TestNG-tests-2] INFO  tests.AccountTests - Thread=TestNG-tests-2 | Class=AccountTests | Test=TC_12_CreateAccount_EmptyDisplayName
00:04:04.346 [TestNG-tests-2] INFO  tests.AccountTests - Testing create account with empty display name
00:04:04.484 [TestNG-tests-4] INFO  tests.SetupIntentTests - ✅ Correctly rejected re-confirmation of succeeded SetupIntent
00:04:04.485 [TestNG-tests-4] INFO  tests.SetupIntentTests - ▶ Running: [TC_07_negative_Confirm_Canceled_Setup_Intent] | Groups: [setup_intent, negative, regression]
00:04:04.485 [TestNG-tests-4] INFO  tests.SetupIntentTests - Thread=TestNG-tests-4 | Class=SetupIntentTests | Test=TC_07_negative_Confirm_Canceled_Setup_Intent
00:04:04.485 [TestNG-tests-4] INFO  tests.SetupIntentTests - Testing confirm canceled SetupIntent
00:04:04.715 [TestNG-tests-3] INFO  tests.TransferTests - Created connect account ID for TC_06: acct_1TyFpFE4EKtxjnaf
00:04:04.734 [TestNG-tests-1] INFO  tests.SubscriptionTests - POJO validation passed for subscription: sub_1TyFpFCawgxS6rsgFNOA99BI
00:04:04.734 [TestNG-tests-1] INFO  tests.SubscriptionTests - ✅ Subscription created successfully: sub_1TyFpFCawgxS6rsgFNOA99BI
00:04:04.734 [TestNG-tests-1] INFO  tests.SubscriptionTests - ▶ Running: [TC_10_positive_Retrieve_Subscription] | Groups: [subscription, regression, subscription_e2e]
00:04:04.734 [TestNG-tests-1] INFO  tests.SubscriptionTests - Thread=TestNG-tests-1 | Class=SubscriptionTests | Test=TC_10_positive_Retrieve_Subscription
00:04:04.735 [TestNG-tests-1] INFO  tests.SubscriptionTests - Testing retrieve subscription
00:04:04.735 [TestNG-tests-1] INFO  tests.SubscriptionTests - Retrieving subscription ID: sub_1TyFpFCawgxS6rsgFNOA99BI
00:04:05.046 [TestNG-tests-4] INFO  tests.SetupIntentTests - Created SetupIntent ID: seti_1TyFpICawgxS6rsgmRB2Kc7Y
00:04:05.046 [TestNG-tests-4] INFO  tests.SetupIntentTests - Canceling SetupIntent ID: seti_1TyFpICawgxS6rsgmRB2Kc7Y
00:04:05.253 [TestNG-tests-3] INFO  tests.TransferTests - Successfully verified zero amount rejection
00:04:05.255 [TestNG-tests-3] INFO  tests.TransferTests - ▶ Running: [TC_07_CreateTransfer_InvalidCurrency] | Groups: [transfer, negative, regression]
00:04:05.255 [TestNG-tests-3] INFO  tests.TransferTests - Thread=TestNG-tests-3 | Class=TransferTests | Test=TC_07_CreateTransfer_InvalidCurrency
00:04:05.255 [TestNG-tests-3] INFO  tests.TransferTests - Testing create transfer with invalid currency
00:04:05.311 [TestNG-tests-1] INFO  tests.SubscriptionTests - POJO validation passed for retrieved subscription: sub_1TyFpFCawgxS6rsgFNOA99BI
00:04:05.311 [TestNG-tests-1] INFO  tests.SubscriptionTests - ✅ Subscription retrieved successfully: sub_1TyFpFCawgxS6rsgFNOA99BI
00:04:05.313 [TestNG-tests-1] INFO  tests.SubscriptionTests - ▶ Running: [TC_11_positive_Update_Subscription_Metadata] | Groups: [subscription, regression, subscription_e2e]
00:04:05.313 [TestNG-tests-1] INFO  tests.SubscriptionTests - Thread=TestNG-tests-1 | Class=SubscriptionTests | Test=TC_11_positive_Update_Subscription_Metadata
00:04:05.313 [TestNG-tests-1] INFO  tests.SubscriptionTests - Testing update subscription metadata: plan_type=premium
00:04:05.313 [TestNG-tests-1] INFO  tests.SubscriptionTests - Updating subscription ID: sub_1TyFpFCawgxS6rsgFNOA99BI
00:04:05.677 [TestNG-tests-4] INFO  tests.SetupIntentTests - SetupIntent canceled successfully
00:04:05.677 [TestNG-tests-4] INFO  tests.SetupIntentTests - Attempting to confirm canceled SetupIntent ID: seti_1TyFpICawgxS6rsgmRB2Kc7Y
00:04:06.140 [TestNG-tests-1] INFO  tests.SubscriptionTests - ✅ Subscription metadata updated successfully: plan_type=premium
00:04:06.140 [TestNG-tests-1] INFO  tests.SubscriptionTests - ▶ Running: [TC_11_positive_Update_Subscription_Metadata] | Groups: [subscription, regression, subscription_e2e]
00:04:06.140 [TestNG-tests-1] INFO  tests.SubscriptionTests - Thread=TestNG-tests-1 | Class=SubscriptionTests | Test=TC_11_positive_Update_Subscription_Metadata
00:04:06.141 [TestNG-tests-1] INFO  tests.SubscriptionTests - Testing update subscription metadata: referral_code=REF_1785263645313
00:04:06.141 [TestNG-tests-1] INFO  tests.SubscriptionTests - Updating subscription ID: sub_1TyFpFCawgxS6rsgFNOA99BI
00:04:06.344 [TestNG-tests-4] INFO  tests.SetupIntentTests - ✅ Correctly rejected confirmation of canceled SetupIntent
00:04:06.345 [TestNG-tests-4] INFO  tests.SetupIntentTests - ▶ Running: [TC_09_negative_Retrieve_Invalid_Setup_Intent] | Groups: [setup_intent, negative, regression]
00:04:06.345 [TestNG-tests-4] INFO  tests.SetupIntentTests - Thread=TestNG-tests-4 | Class=SetupIntentTests | Test=TC_09_negative_Retrieve_Invalid_Setup_Intent
00:04:06.345 [TestNG-tests-4] INFO  tests.SetupIntentTests - Testing retrieve invalid SetupIntent ID: seti_invalid_id_12345
00:04:06.938 [TestNG-tests-4] INFO  tests.SetupIntentTests - ✅ Correctly failed retrieval for invalid ID: seti_invalid_id_12345
00:04:06.938 [TestNG-tests-4] INFO  tests.SetupIntentTests - ▶ Running: [TC_09_negative_Retrieve_Invalid_Setup_Intent] | Groups: [setup_intent, negative, regression]
00:04:06.938 [TestNG-tests-4] INFO  tests.SetupIntentTests - Thread=TestNG-tests-4 | Class=SetupIntentTests | Test=TC_09_negative_Retrieve_Invalid_Setup_Intent
00:04:06.938 [TestNG-tests-4] INFO  tests.SetupIntentTests - Testing retrieve invalid SetupIntent ID: ***
00:04:06.979 [TestNG-tests-1] INFO  tests.SubscriptionTests - ✅ Subscription metadata updated successfully: referral_code=REF_1785263645313
00:04:06.979 [TestNG-tests-1] INFO  tests.SubscriptionTests - ▶ Running: [TC_11_positive_Update_Subscription_Metadata] | Groups: [subscription, regression, subscription_e2e]
00:04:06.979 [TestNG-tests-1] INFO  tests.SubscriptionTests - Thread=TestNG-tests-1 | Class=SubscriptionTests | Test=TC_11_positive_Update_Subscription_Metadata
00:04:06.979 [TestNG-tests-1] INFO  tests.SubscriptionTests - Testing update subscription metadata: environment=qa_automation
00:04:06.979 [TestNG-tests-1] INFO  tests.SubscriptionTests - Updating subscription ID: sub_1TyFpFCawgxS6rsgFNOA99BI
00:04:07.494 [TestNG-tests-4] INFO  tests.SetupIntentTests - ✅ Correctly failed retrieval for invalid ID: ***
00:04:07.494 [TestNG-tests-4] INFO  tests.SetupIntentTests - ▶ Running: [TC_09_negative_Retrieve_Invalid_Setup_Intent] | Groups: [setup_intent, negative, regression]
00:04:07.494 [TestNG-tests-4] INFO  tests.SetupIntentTests - Thread=TestNG-tests-4 | Class=SetupIntentTests | Test=TC_09_negative_Retrieve_Invalid_Setup_Intent
00:04:07.494 [TestNG-tests-4] INFO  tests.SetupIntentTests - Testing retrieve invalid SetupIntent ID: 
00:04:07.816 [TestNG-tests-4] INFO  tests.SetupIntentTests - ✅ Correctly failed retrieval for invalid ID: 
00:04:07.817 [TestNG-tests-4] INFO  tests.SetupIntentTests - ▶ Running: [TC_11_negative_Update_Nonexistent_Setup_Intent] | Groups: [setup_intent, negative, regression]
00:04:07.817 [TestNG-tests-4] INFO  tests.SetupIntentTests - Thread=TestNG-tests-4 | Class=SetupIntentTests | Test=TC_11_negative_Update_Nonexistent_Setup_Intent
00:04:07.817 [TestNG-tests-4] INFO  tests.SetupIntentTests - Testing update nonexistent SetupIntent
00:04:07.859 [TestNG-tests-1] INFO  tests.SubscriptionTests - ✅ Subscription metadata updated successfully: environment=qa_automation
00:04:07.859 [TestNG-tests-1] INFO  tests.SubscriptionTests - ▶ Running: [TC_12_positive_List_Subscriptions] | Groups: [subscription, regression, sanity]
00:04:07.859 [TestNG-tests-1] INFO  tests.SubscriptionTests - Thread=TestNG-tests-1 | Class=SubscriptionTests | Test=TC_12_positive_List_Subscriptions
00:04:07.859 [TestNG-tests-1] INFO  tests.SubscriptionTests - Testing list subscriptions
00:04:07.859 [TestNG-tests-1] INFO  tests.SubscriptionTests - Listing subscriptions
00:04:08.390 [TestNG-tests-4] INFO  tests.SetupIntentTests - ✅ Correctly failed update for nonexistent SetupIntent
00:04:08.391 [TestNG-tests-4] INFO  tests.SetupIntentTests - ▶ Running: [TC_13_negative_Cancel_Already_Canceled_Setup_Intent] | Groups: [setup_intent, negative, regression]
00:04:08.391 [TestNG-tests-4] INFO  tests.SetupIntentTests - Thread=TestNG-tests-4 | Class=SetupIntentTests | Test=TC_13_negative_Cancel_Already_Canceled_Setup_Intent
00:04:08.391 [TestNG-tests-4] INFO  tests.SetupIntentTests - Testing cancel already canceled SetupIntent
00:04:08.436 [TestNG-tests-1] INFO  tests.SubscriptionTests - ✅ Subscriptions listed successfully
00:04:08.437 [TestNG-tests-1] INFO  tests.SubscriptionTests - ▶ Running: [TC_15_negative_Create_Subscription_Invalid_Customer] | Groups: [subscription, negative, regression]
00:04:08.437 [TestNG-tests-1] INFO  tests.SubscriptionTests - Thread=TestNG-tests-1 | Class=SubscriptionTests | Test=TC_15_negative_Create_Subscription_Invalid_Customer
00:04:08.437 [TestNG-tests-1] INFO  tests.SubscriptionTests - Testing create subscription with invalid customer
00:04:08.437 [TestNG-tests-1] INFO  tests.SubscriptionTests - Attempting to create subscription with invalid customer
00:04:08.637 [TestNG-tests-3] INFO  tests.TransferTests - Created connect account ID for TC_07: acct_1TyFpJE3sTLdanYA
00:04:08.978 [TestNG-tests-4] INFO  tests.SetupIntentTests - Created SetupIntent ID: seti_1TyFpMCawgxS6rsgavl8yGz3
00:04:08.978 [TestNG-tests-4] INFO  tests.SetupIntentTests - Performing first cancellation on ID: seti_1TyFpMCawgxS6rsgavl8yGz3
00:04:09.010 [TestNG-tests-1] INFO  tests.SubscriptionTests - ✅ Correctly rejected subscription creation for nonexistent customer
00:04:09.010 [TestNG-tests-1] INFO  tests.SubscriptionTests - ▶ Running: [TC_16_negative_Create_Subscription_Invalid_Price] | Groups: [subscription, negative, regression]
00:04:09.011 [TestNG-tests-1] INFO  tests.SubscriptionTests - Thread=TestNG-tests-1 | Class=SubscriptionTests | Test=TC_16_negative_Create_Subscription_Invalid_Price
00:04:09.011 [TestNG-tests-1] INFO  tests.SubscriptionTests - Testing create subscription with invalid price
00:04:09.011 [TestNG-tests-1] INFO  tests.SubscriptionTests - Attempting to create subscription with invalid price
00:04:09.168 [TestNG-tests-3] INFO  tests.TransferTests - Successfully verified invalid currency rejection
00:04:09.168 [TestNG-tests-3] INFO  tests.TransferTests - ▶ Running: [TC_08_CreateTransfer_MissingRequiredFields] | Groups: [transfer, negative, regression]
00:04:09.168 [TestNG-tests-3] INFO  tests.TransferTests - Thread=TestNG-tests-3 | Class=TransferTests | Test=TC_08_CreateTransfer_MissingRequiredFields
00:04:09.168 [TestNG-tests-3] INFO  tests.TransferTests - Running invalid transfer payload case: Missing Destination
00:04:09.593 [TestNG-tests-4] INFO  tests.SetupIntentTests - First cancellation succeeded
00:04:09.593 [TestNG-tests-4] INFO  tests.SetupIntentTests - Performing second cancellation on ID: seti_1TyFpMCawgxS6rsgavl8yGz3
00:04:09.606 [TestNG-tests-1] INFO  tests.SubscriptionTests - ✅ Correctly rejected subscription creation for nonexistent price
00:04:09.606 [TestNG-tests-1] INFO  tests.SubscriptionTests - ▶ Running: [TC_17_negative_Update_Nonexistent_Subscription] | Groups: [subscription, negative, regression]
00:04:09.606 [TestNG-tests-1] INFO  tests.SubscriptionTests - Thread=TestNG-tests-1 | Class=SubscriptionTests | Test=TC_17_negative_Update_Nonexistent_Subscription
00:04:09.606 [TestNG-tests-1] INFO  tests.SubscriptionTests - Testing update nonexistent subscription
00:04:09.606 [TestNG-tests-1] INFO  tests.SubscriptionTests - Attempting to update nonexistent subscription
00:04:09.717 [TestNG-tests-3] INFO  tests.TransferTests - Successfully verified missing required fields rejection
00:04:09.717 [TestNG-tests-3] INFO  tests.TransferTests - ▶ Running: [TC_08_CreateTransfer_MissingRequiredFields] | Groups: [transfer, negative, regression]
00:04:09.717 [TestNG-tests-3] INFO  tests.TransferTests - Thread=TestNG-tests-3 | Class=TransferTests | Test=TC_08_CreateTransfer_MissingRequiredFields
00:04:09.717 [TestNG-tests-3] INFO  tests.TransferTests - Running invalid transfer payload case: Missing Amount
00:04:10.158 [TestNG-tests-1] INFO  tests.SubscriptionTests - ✅ Correctly rejected subscription update for nonexistent subscription
00:04:10.159 [TestNG-tests-1] INFO  tests.SubscriptionTests - ▶ Running: [TC_14_negative_Retrieve_Invalid_Subscription] | Groups: [subscription, negative, regression]
00:04:10.159 [TestNG-tests-1] INFO  tests.SubscriptionTests - Thread=TestNG-tests-1 | Class=SubscriptionTests | Test=TC_14_negative_Retrieve_Invalid_Subscription
00:04:10.159 [TestNG-tests-1] INFO  tests.SubscriptionTests - Retrieving invalid subscription: sub_invalid_id_12345
00:04:10.171 [TestNG-tests-4] INFO  tests.SetupIntentTests - ✅ Correctly rejected double-cancellation of SetupIntent
00:04:10.171 [TestNG-tests-4] INFO  tests.SetupIntentTests - ▶ Running: [TC_14_negative_Cancel_Succeeded_Setup_Intent] | Groups: [setup_intent, negative, regression]
00:04:10.171 [TestNG-tests-4] INFO  tests.SetupIntentTests - Thread=TestNG-tests-4 | Class=SetupIntentTests | Test=TC_14_negative_Cancel_Succeeded_Setup_Intent
00:04:10.171 [TestNG-tests-4] INFO  tests.SetupIntentTests - Testing cancel already succeeded SetupIntent
00:04:10.171 [TestNG-tests-4] INFO  tests.SetupIntentTests - Created and confirmed SetupIntent ID: seti_1TyFpGCawgxS6rsgzDYJPBap
00:04:10.171 [TestNG-tests-4] INFO  tests.SetupIntentTests - Attempting to cancel succeeded SetupIntent ID: seti_1TyFpGCawgxS6rsgzDYJPBap
00:04:10.252 [TestNG-tests-3] INFO  tests.TransferTests - Successfully verified missing required fields rejection
00:04:10.252 [TestNG-tests-3] INFO  tests.TransferTests - ▶ Running: [TC_08_CreateTransfer_MissingRequiredFields] | Groups: [transfer, negative, regression]
00:04:10.253 [TestNG-tests-3] INFO  tests.TransferTests - Thread=TestNG-tests-3 | Class=TransferTests | Test=TC_08_CreateTransfer_MissingRequiredFields
00:04:10.253 [TestNG-tests-3] INFO  tests.TransferTests - Running invalid transfer payload case: Missing Currency
00:04:10.697 [TestNG-tests-1] INFO  tests.SubscriptionTests - ✅ Correctly rejected invalid subscription ID retrieval: sub_invalid_id_12345
00:04:10.697 [TestNG-tests-1] INFO  tests.SubscriptionTests - ▶ Running: [TC_14_negative_Retrieve_Invalid_Subscription] | Groups: [subscription, negative, regression]
00:04:10.697 [TestNG-tests-1] INFO  tests.SubscriptionTests - Thread=TestNG-tests-1 | Class=SubscriptionTests | Test=TC_14_negative_Retrieve_Invalid_Subscription
00:04:10.698 [TestNG-tests-1] INFO  tests.SubscriptionTests - Retrieving invalid subscription: ***
00:04:10.785 [TestNG-tests-3] INFO  tests.TransferTests - Successfully verified missing required fields rejection
00:04:10.785 [TestNG-tests-3] INFO  tests.TransferTests - ▶ Running: [TC_09_CreateTransfer_InvalidAuth] | Groups: [transfer, negative, auth, regression]
00:04:10.785 [TestNG-tests-3] INFO  tests.TransferTests - Thread=TestNG-tests-3 | Class=TransferTests | Test=TC_09_CreateTransfer_InvalidAuth
00:04:10.785 [TestNG-tests-3] INFO  tests.TransferTests - Testing create transfer with invalid auth
00:04:10.806 [TestNG-tests-4] INFO  tests.SetupIntentTests - ✅ Correctly rejected cancellation of succeeded SetupIntent
00:04:10.806 [TestNG-tests-4] INFO  tests.SetupIntentTests - ▶ Running: [TC_15_flow_Saved_Card_Future_OffSession_Payment] | Groups: [setup_intent, regression, saved_card_e2e, e2e]
00:04:10.806 [TestNG-tests-4] INFO  tests.SetupIntentTests - Thread=TestNG-tests-4 | Class=SetupIntentTests | Test=TC_15_flow_Saved_Card_Future_OffSession_Payment
00:04:10.807 [TestNG-tests-4] INFO  tests.SetupIntentTests - Test running under groups: [setup_intent, regression, saved_card_e2e, e2e]
00:04:10.807 [TestNG-tests-4] INFO  tests.SetupIntentTests - 🔄 Starting E2E: SetupIntent → Saved Card → Off-Session Payment
00:04:10.807 [TestNG-tests-4] INFO  tests.SetupIntentTests -   Step 1: Reusing customer from context → cus_UyCCGFJhADQyOs
00:04:10.807 [TestNG-tests-4] INFO  tests.SetupIntentTests -   Step 2: Reusing PaymentMethod from context → pm_1TyFo1CawgxS6rsgiahRuZGk
00:04:11.076 [TestNG-tests-3] INFO  tests.TransferTests - Successfully verified invalid auth error
00:04:11.076 [TestNG-tests-3] INFO  tests.TransferTests - ▶ Running: [TC_10_CreateTransfer_MissingAuth] | Groups: [transfer, negative, auth, regression]
00:04:11.076 [TestNG-tests-3] INFO  tests.TransferTests - Thread=TestNG-tests-3 | Class=TransferTests | Test=TC_10_CreateTransfer_MissingAuth
00:04:11.076 [TestNG-tests-3] INFO  tests.TransferTests - Testing create transfer with missing auth
00:04:11.228 [TestNG-tests-1] INFO  tests.SubscriptionTests - ✅ Correctly rejected invalid subscription ID retrieval: ***
00:04:11.228 [TestNG-tests-1] INFO  tests.SubscriptionTests - ▶ Running: [TC_14_negative_Retrieve_Invalid_Subscription] | Groups: [subscription, negative, regression]
00:04:11.228 [TestNG-tests-1] INFO  tests.SubscriptionTests - Thread=TestNG-tests-1 | Class=SubscriptionTests | Test=TC_14_negative_Retrieve_Invalid_Subscription
00:04:11.228 [TestNG-tests-1] INFO  tests.SubscriptionTests - Retrieving invalid subscription: sub_00000000000000
00:04:11.378 [TestNG-tests-3] INFO  tests.TransferTests - Successfully verified missing auth error
00:04:11.378 [TestNG-tests-3] INFO  tests.TransferTests - ▶ Running: [TC_11_RetrieveTransfer_InvalidId] | Groups: [transfer, negative, regression]
00:04:11.378 [TestNG-tests-3] INFO  tests.TransferTests - Thread=TestNG-tests-3 | Class=TransferTests | Test=TC_11_RetrieveTransfer_InvalidId
00:04:11.379 [TestNG-tests-3] INFO  tests.TransferTests - Testing retrieve transfer with invalid ID: Invalid prefix ID -> tr_invalid_id_12345
00:04:11.424 [TestNG-tests-4] INFO  tests.SetupIntentTests -   Step 3: SetupIntent created → seti_1TyFpOCawgxS6rsgn91xgskr
00:04:11.484 [TestNG-tests-2] INFO  tests.AccountTests - Account created unexpectedly, adding to fallback cleanup ID: acct_1TyFpICawguWsgcY
00:04:11.485 [TestNG-tests-2] ERROR listeners.ExtentReportListener - 
╔══════════════════════════════════════════════════════════╗
00:04:11.485 [TestNG-tests-2] ERROR listeners.ExtentReportListener - ║  REQUEST/RESPONSE LOG FOR FAILED TEST: TC_12_CreateAccount_EmptyDisplayName  
00:04:11.485 [TestNG-tests-2] ERROR listeners.ExtentReportListener - ╚══════════════════════════════════════════════════════════╝
00:04:11.485 [TestNG-tests-2] ERROR listeners.ExtentReportListener - 
========== API REQUEST ==========
Method  : POST
URI     : https://api.stripe.com/v2/core/accounts
Headers :
Authorization=Bearer
Stripe-Version=2026-04-08.preview
Accept=*/*
Content-Type=application/json
Body    :
{"contact_email":"maximo.wintheiser@gmail.com","display_name":"","identity":{"country":"us","entity_type":"company","business_details":{"registered_name":"Georgiana"}},"configuration":{"customer":{"capabilities":{"automatic_indirect_tax":{"requested":true}}},"merchant":{"capabilities":{"card_payments":{"requested":true}}}},"defaults":{"responsibilities":{"fees_collector":"stripe","losses_collector":"stripe"}},"dashboard":"full","include":["configuration.customer","configuration.merchant","identity","defaults"]}
========== API RESPONSE ==========
Status  : 200
Headers :
Server=nginx
Date=Tue, 28 Jul 2026 18:34:11 GMT
Content-Type=application/json
Content-Length=3730
Connection=keep-alive
Access-Control-Allow-Methods=DELETE, GET, HEAD, PATCH, POST, PUT
Access-Control-Allow-Origin=*
Access-Control-Expose-Headers=Request-Id, Stripe-Manage-Version, Stripe-Should-Retry, X-Stripe-External-Auth-Required, X-Stripe-Privileged-Session-Required
Access-Control-Max-Age=300
Cache-Control=max-age=0, no-cache, no-store, must-revalidate
Content-Security-Policy=base-uri 'none'; default-src 'none'; form-action 'none'; frame-ancestors 'none'; img-src 'self'; object-src 'none'; script-src 'self' 'report-sample'; style-src 'self'; worker-src 'none'; upgrade-insecure-requests; report-uri https://q.stripe.com/csp-violation?q=jxwlCBhGLSoNgjD65MO87x1_2WIDdTduARSxzTWplGsWbejwi819GjVazrBPHTCnFlQ18N1hqEA%3D; report-to csp
Cross-Origin-Opener-Policy=same-origin; report-to="wsp_coop"
Expires=0
Idempotency-Key=1eed361c-5959-38ca-8f0a-6b49f471dec6
Pragma=no-cache
Referrer-Policy=strict-origin-when-cross-origin
Report-To={"group":"coop","max_age":8640,"endpoints":[{"url":"https://q.stripe.com/coop-report"}],"include_subdomains":true}, {"group":"wsp_coop","max_age":8640,"endpoints":[{"url":"https://q.stripe.com/coop-report?s=jxwlCBhGLSoNgjD65MO87x1_2WIDdTduARSxzTWplGsWbejwi819GjVazrBPHTCnFlQ18N1hqEA="}],"include_subdomains":true}, {"group":"wsp_coep","max_age":8640,"endpoints":[{"url":"https://q.stripe.com/coep-report?s=jxwlCBhGLSoNgjD65MO87x1_2WIDdTduARSxzTWplGsWbejwi819GjVazrBPHTCnFlQ18N1hqEA="}],"include_subdomains":true}, {"group":"csp","max_age":8640,"endpoints":[{"url":"https://q.stripe.com/csp-report-v2?q=jxwlCBhGLSoNgjD65MO87x1_2WIDdTduARSxzTWplGsWbejwi819GjVazrBPHTCnFlQ18N1hqEA%3D&t=1"}],"include_subdomains":true}
Reporting-Endpoints=coop="https://q.stripe.com/coop-report", wsp_coop="https://q.stripe.com/coop-report?s=jxwlCBhGLSoNgjD65MO87x1_2WIDdTduARSxzTWplGsWbejwi819GjVazrBPHTCnFlQ18N1hqEA=", wsp_coep="https://q.stripe.com/coep-report?s=jxwlCBhGLSoNgjD65MO87x1_2WIDdTduARSxzTWplGsWbejwi819GjVazrBPHTCnFlQ18N1hqEA=", csp="https://q.stripe.com/csp-report-v2?q=jxwlCBhGLSoNgjD65MO87x1_2WIDdTduARSxzTWplGsWbejwi819GjVazrBPHTCnFlQ18N1hqEA%3D&t=1"
Request-Id=req_v21YaMjgqsKgaUiXj
Vary=Origin
X-Content-Type-Options=nosniff
X-Robots-Tag=none
X-Wc=3ff
Strict-Transport-Security=max-age=63072000; includeSubDomains; preload
Body    :
{
    "id": "acct_1TyFpICawguWsgcY",
    "object": "v2.core.account",
    "applied_configurations": [
        "customer",
        "merchant"
    ],
    "closed": false,
    "configuration": {
        "customer": {
            "applied": true,
            "automatic_indirect_tax": {
                "exempt": "none",
                "ip_address": null,
                "location": null,
                "location_source": null
            },
            "billing": {
                "default_payment_method": null,
                "invoice": {
                    "custom_fields": [
                        
                    ],
                    "footer": null,
                    "next_sequence": 1,
                    "prefix": "WSYZBNKW",
                    "rendering": null
                }
            },
            "capabilities": {
                "automatic_indirect_tax": {
                    "status": "restricted",
                    "status_details": [
                        {
                            "code": "requirements_past_due",
                            "resolution": "provide_info"
                        }
                    ]
                }
            },
            "shipping": null,
            "test_clock": null
        },
        "merchant": {
            "applied": true,
            "bacs_debit_payments": null,
            "branding": {
                "icon": null,
                "logo": null,
                "primary_color": null,
                "secondary_color": null
            },
            "capabilities": {
                "ach_debit_payments": null,
                "acss_debit_payments": null,
                "affirm_payments": null,
                "afterpay_clearpay_payments": null,
                "alma_payments": null,
                "amazon_pay_payments": null,
                "au_becs_debit_payments": null,
                "bacs_debit_payments": null,
                "bancontact_payments": null,
                "blik_payments": null,
                "boleto_payments": null,
                "card_payments": {
                    "status": "restricted",
                    "status_details": [
                        {
                            "code": "requirements_past_due",
                            "resolution": "provide_info"
                        }
                    ]
                },
                "cartes_bancaires_payments": null,
                "cashapp_payments": null,
                "eps_payments": null,
                "fpx_payments": null,
                "gb_bank_transfer_payments": null,
                "grabpay_payments": null,
                "ideal_payments": null,
                "jcb_payments": null,
                "jp_bank_transfer_payments": null,
                "kakao_pay_payments": null,
                "klarna_payments": null,
                "konbini_payments": null,
                "kr_card_payments": null,
                "link_payments": null,
                "mobilepay_payments": null,
                "multibanco_payments": null,
                "mx_bank_transfer_payments": null,
                "naver_pay_payments": null,
                "oxxo_payments": null,
                "p24_payments": null,
                "pay_by_bank_payments": null,
                "payco_payments": null,
                "paynow_payments": null,
                "promptpay_payments": null,
                "revolut_pay_payments": null,
                "samsung_pay_payments": null,
                "sepa_bank_transfer_payments": null,
                "sepa_debit_payments": null,
                "stripe_balance": {
                    "payouts": {
                        "status": "restricted",
                        "status_details": [
                            {
                                "code": "requirements_past_due",
                                "resolution": "provide_info"
                            }
                        ]
                    }
                },
                "swish_payments": null,
                "twint_payments": null,
                "us_bank_transfer_payments": null,
                "zip_payments": null
            },
            "card_payments": {
                "decline_on": {
                    "avs_failure": false,
                    "cvc_failure": false
                }
            },
            "konbini_payments": null,
            "mcc": null,
            "script_statement_descriptor": {
                "kana": {
                    "descriptor": null,
                    "prefix": null
                },
                "kanji": {
                    "descriptor": null,
                    "prefix": null
                }
            },
            "sepa_debit_payments": null,
            "smart_disputes": {
                "auto_respond": {
                    "preference": "inherit",
                    "value": "on"
                }
            },
            "statement_descriptor": {
                "descriptor": null,
                "prefix": null
            },
            "support": {
                "address": {
                    "city": null,
                    "country": null,
                    "line1": null,
                    "line2": null,
                    "postal_code": null,
                    "state": null,
                    "town": null
                },
                "email": null,
                "phone": null,
                "url": null
            }
        },
        "recipient": null
    },
    "contact_email": "maximo.wintheiser@gmail.com",
    "contact_phone": null,
    "created": "2026-07-28T18:34:08.000Z",
    "dashboard": "full",
    "identity": {
        "attestations": {
            "directorship_declaration": null,
            "ownership_declaration": null,
            "persons_provided": {
                "directors": false,
                "executives": false,
                "owners": false,
                "ownership_exemption_reason": null
            },
            "representative_declaration": null,
            "terms_of_service": {
                "account": null
            }
        },
        "business_details": {
            "address": null,
            "annual_revenue": null,
            "documents": null,
            "estimated_worker_count": null,
            "id_numbers": [
                
            ],
            "monthly_estimated_revenue": null,
            "phone": null,
            "registered_name": "Georgiana",
            "registration_date": null,
            "script_addresses": null,
            "script_names": null,
            "structure": null
        },
        "country": "US",
        "entity_type": "company",
        "individual": null
    },
    "defaults": {
        "currency": "usd",
        "locales": [
            
        ],
        "profile": {
            "business_url": null,
            "doing_business_as": null,
            "product_description": null
        },
        "responsibilities": {
            "fees_collector": "stripe",
            "losses_collector": "stripe",
            "requirements_collector": "stripe"
        },
        "timezone": null
    },
    "display_name": null,
    "future_requirements": null,
    "metadata": {
        
    },
    "requirements": null,
    "livemode": false
}
==================================
00:04:11.485 [TestNG-tests-2] ERROR listeners.ExtentReportListener - ╔══════════════════════════════════════════════════════════╗
00:04:11.485 [TestNG-tests-2] ERROR listeners.ExtentReportListener - ║  END OF REQUEST/RESPONSE LOG                             ║
00:04:11.485 [TestNG-tests-2] ERROR listeners.ExtentReportListener - ╚══════════════════════════════════════════════════════════╝
00:04:11.485 [TestNG-tests-2] INFO  tests.AccountTests - ▶ Running: [TC_13_CreateAccount_LongDisplayName] | Groups: [accounts, negative, regression]
00:04:11.485 [TestNG-tests-2] INFO  tests.AccountTests - Thread=TestNG-tests-2 | Class=AccountTests | Test=TC_13_CreateAccount_LongDisplayName
00:04:11.486 [TestNG-tests-2] INFO  tests.AccountTests - Testing create account with long display name
00:04:11.744 [TestNG-tests-1] INFO  tests.SubscriptionTests - ✅ Correctly rejected invalid subscription ID retrieval: sub_00000000000000
00:04:11.774 [TestNG-tests-1] INFO  tests.SubscriptionTests - ▶ Running: [TC_13_positive_Cancel_Subscription] | Groups: [subscription, regression, subscription_e2e]
00:04:11.774 [TestNG-tests-1] INFO  tests.SubscriptionTests - Thread=TestNG-tests-1 | Class=SubscriptionTests | Test=TC_13_positive_Cancel_Subscription
00:04:11.775 [TestNG-tests-1] INFO  tests.SubscriptionTests - Testing cancel subscription
00:04:11.775 [TestNG-tests-1] INFO  tests.SubscriptionTests - Canceling subscription ID: sub_1TyFpFCawgxS6rsgFNOA99BI
00:04:11.877 [TestNG-tests-3] INFO  tests.TransferTests - Successfully verified invalid ID error fragment: No such transfer
00:04:11.877 [TestNG-tests-3] INFO  tests.TransferTests - ▶ Running: [TC_11_RetrieveTransfer_InvalidId] | Groups: [transfer, negative, regression]
00:04:11.877 [TestNG-tests-3] INFO  tests.TransferTests - Thread=TestNG-tests-3 | Class=TransferTests | Test=TC_11_RetrieveTransfer_InvalidId
00:04:11.877 [TestNG-tests-3] INFO  tests.TransferTests - Testing retrieve transfer with invalid ID: Garbage ID -> garbage_not_a_transfer
00:04:12.044 [TestNG-tests-2] INFO  tests.AccountTests - Successfully verified long display name rejection
00:04:12.044 [TestNG-tests-2] INFO  tests.AccountTests - ▶ Running: [TC_14_CreateAccount_SpecialCharsDisplayName] | Groups: [accounts, negative, regression]
00:04:12.044 [TestNG-tests-2] INFO  tests.AccountTests - Thread=TestNG-tests-2 | Class=AccountTests | Test=TC_14_CreateAccount_SpecialCharsDisplayName
00:04:12.045 [TestNG-tests-2] INFO  tests.AccountTests - Testing create account with special characters in display name
00:04:12.393 [TestNG-tests-3] INFO  tests.TransferTests - Successfully verified invalid ID error fragment: No such transfer
00:04:12.394 [TestNG-tests-3] INFO  tests.TransferTests - ▶ Running: [TC_11_RetrieveTransfer_InvalidId] | Groups: [transfer, negative, regression]
00:04:12.394 [TestNG-tests-3] INFO  tests.TransferTests - Thread=TestNG-tests-3 | Class=TransferTests | Test=TC_11_RetrieveTransfer_InvalidId
00:04:12.394 [TestNG-tests-3] INFO  tests.TransferTests - Testing retrieve transfer with invalid ID: Truncated prefix -> tr_
00:04:12.508 [TestNG-tests-4] INFO  tests.SetupIntentTests -   Step 4: SetupIntent confirmed ✅
00:04:12.578 [TestNG-tests-1] INFO  tests.SubscriptionTests - ✅ Subscription canceled successfully: sub_1TyFpFCawgxS6rsgFNOA99BI
00:04:12.579 [TestNG-tests-1] INFO  tests.SubscriptionTests - ▶ Running: [TC_18_negative_Cancel_Already_Canceled_Subscription] | Groups: [subscription, negative, regression]
00:04:12.579 [TestNG-tests-1] INFO  tests.SubscriptionTests - Thread=TestNG-tests-1 | Class=SubscriptionTests | Test=TC_18_negative_Cancel_Already_Canceled_Subscription
00:04:12.579 [TestNG-tests-1] INFO  tests.SubscriptionTests - Testing cancel already canceled subscription
00:04:12.579 [TestNG-tests-1] INFO  tests.SubscriptionTests - Attempting second cancellation of subscription ID: sub_1TyFpFCawgxS6rsgFNOA99BI
00:04:12.928 [TestNG-tests-3] INFO  tests.TransferTests - Successfully verified invalid ID error fragment: No such transfer
00:04:12.929 [TestNG-tests-3] INFO  tests.TransferTests - ▶ Running: [TC_12_RetrieveTransfer_InvalidAuth] | Groups: [transfer, negative, auth, regression]
00:04:12.929 [TestNG-tests-3] INFO  tests.TransferTests - Thread=TestNG-tests-3 | Class=TransferTests | Test=TC_12_RetrieveTransfer_InvalidAuth
00:04:12.929 [TestNG-tests-3] INFO  tests.TransferTests - Testing retrieve transfer with invalid auth
00:04:13.115 [TestNG-tests-4] INFO  tests.SetupIntentTests -   Step 5: PaymentMethod verified on customer ✅
00:04:13.140 [TestNG-tests-1] INFO  tests.SubscriptionTests - ✅ Verified redundant cancel on already canceled subscription
00:04:13.140 [TestNG-tests-1] INFO  tests.SubscriptionTests - ▶ Running: [TC_19_flow_E2E_Subscription_Lifecycle] | Groups: [subscription, regression, subscription_e2e, e2e]
00:04:13.140 [TestNG-tests-1] INFO  tests.SubscriptionTests - Thread=TestNG-tests-1 | Class=SubscriptionTests | Test=TC_19_flow_E2E_Subscription_Lifecycle
00:04:13.141 [TestNG-tests-1] INFO  tests.SubscriptionTests - Test running under groups: [subscription, regression, subscription_e2e, e2e]
00:04:13.141 [TestNG-tests-1] INFO  tests.SubscriptionTests - 🔄 Starting E2E Subscription Lifecycle Flow
00:04:13.243 [TestNG-tests-3] INFO  tests.TransferTests - Successfully verified invalid auth error
00:04:13.243 [TestNG-tests-3] INFO  tests.TransferTests - ▶ Running: [TC_13_RetrieveTransfer_MissingAuth] | Groups: [transfer, negative, auth, regression]
00:04:13.243 [TestNG-tests-3] INFO  tests.TransferTests - Thread=TestNG-tests-3 | Class=TransferTests | Test=TC_13_RetrieveTransfer_MissingAuth
00:04:13.243 [TestNG-tests-3] INFO  tests.TransferTests - Testing retrieve transfer with missing auth
00:04:13.564 [TestNG-tests-3] INFO  tests.TransferTests - Successfully verified missing auth error
00:04:13.565 [TestNG-tests-3] INFO  tests.TransferTests - ▶ Running: [TC_14_ReverseTransfer_InvalidId] | Groups: [transfer, negative, regression]
00:04:13.565 [TestNG-tests-3] INFO  tests.TransferTests - Thread=TestNG-tests-3 | Class=TransferTests | Test=TC_14_ReverseTransfer_InvalidId
00:04:13.565 [TestNG-tests-3] INFO  tests.TransferTests - Testing reverse transfer with invalid ID
00:04:13.779 [TestNG-tests-1] INFO  tests.SubscriptionTests -   Step 1: Customer created → cus_UyCDLq8vUKc0pm
00:04:14.129 [TestNG-tests-3] INFO  tests.TransferTests - Successfully verified invalid ID error for reverse transfer
00:04:14.129 [TestNG-tests-3] INFO  tests.TransferTests - ▶ Running: [TC_15_ReverseTransfer_AmountExceedsOriginal] | Groups: [transfer, negative, regression]
00:04:14.129 [TestNG-tests-3] INFO  tests.TransferTests - Thread=TestNG-tests-3 | Class=TransferTests | Test=TC_15_ReverseTransfer_AmountExceedsOriginal
00:04:14.129 [TestNG-tests-3] INFO  tests.TransferTests - Testing reverse transfer with amount exceeding original
00:04:14.390 [TestNG-tests-4] INFO  tests.SetupIntentTests -   Step 6: Off-session payment succeeded ✅
00:04:14.390 [TestNG-tests-4] INFO  tests.SetupIntentTests - 🎉 E2E Flow Complete: SetupIntent → Saved Card → Future Payment
00:04:14.390 [TestNG-tests-4] INFO  tests.SetupIntentTests - ▶ Running: [TC_17_positive_List_Setup_Intents] | Groups: [setup_intent, regression, sanity]
00:04:14.390 [TestNG-tests-4] INFO  tests.SetupIntentTests - Thread=TestNG-tests-4 | Class=SetupIntentTests | Test=TC_17_positive_List_Setup_Intents
00:04:14.390 [TestNG-tests-4] INFO  tests.SetupIntentTests - Testing list SetupIntents
00:04:14.390 [TestNG-tests-4] INFO  tests.SetupIntentTests - Reusing SetupIntent from context (ensures list is non-empty): seti_1TyFpGCawgxS6rsgzDYJPBap
00:04:14.437 [TestNG-tests-1] INFO  tests.SubscriptionTests -   Step 2: Payment method created → pm_1TyFpRCawgxS6rsg92BQtNwO
00:04:15.005 [TestNG-tests-4] INFO  tests.SetupIntentTests - ✅ SetupIntents listed successfully
00:04:15.005 [TestNG-tests-4] INFO  tests.SetupIntentTests - ▶ Running: [TC_01_positive_Create_Setup_Intent] | Groups: [setup_intent, regression, marketplace_e2e, saved_card_e2e, smoke]
00:04:15.005 [TestNG-tests-4] INFO  tests.SetupIntentTests - Thread=TestNG-tests-4 | Class=SetupIntentTests | Test=TC_01_positive_Create_Setup_Intent
00:04:15.006 [TestNG-tests-4] INFO  tests.SetupIntentTests - Test running under groups: [setup_intent, regression, marketplace_e2e, saved_card_e2e, smoke]
00:04:15.335 [TestNG-tests-1] INFO  tests.SubscriptionTests -   Step 3: Attached payment method to customer
00:04:15.600 [TestNG-tests-4] INFO  tests.SetupIntentTests - POJO validation passed for setup intent: seti_1TyFpTCawgxS6rsgBXdIANaw
00:04:15.600 [TestNG-tests-4] INFO  tests.SetupIntentTests - ✅ SetupIntent created: seti_1TyFpTCawgxS6rsgBXdIANaw
00:04:15.600 [TestNG-tests-4] INFO  tests.SetupIntentTests - ▶ Running: [TC_04_positive_Confirm_Setup_Intent] | Groups: [setup_intent, regression, saved_card_e2e]
00:04:15.600 [TestNG-tests-4] INFO  tests.SetupIntentTests - Thread=TestNG-tests-4 | Class=SetupIntentTests | Test=TC_04_positive_Confirm_Setup_Intent
00:04:15.600 [TestNG-tests-4] INFO  tests.SetupIntentTests - Test running under groups: [setup_intent, regression, saved_card_e2e]
00:04:15.600 [TestNG-tests-4] INFO  tests.SetupIntentTests - Testing positive confirmation of SetupIntent
00:04:15.600 [TestNG-tests-4] INFO  tests.SetupIntentTests - Using active SetupIntent ID from context: seti_1TyFpTCawgxS6rsgBXdIANaw
00:04:15.600 [TestNG-tests-4] INFO  tests.SetupIntentTests - Created valid payment method ID: pm_1TyFo1CawgxS6rsgiahRuZGk
00:04:15.600 [TestNG-tests-4] INFO  tests.SetupIntentTests - Confirming SetupIntent ID: seti_1TyFpTCawgxS6rsgBXdIANaw
00:04:15.990 [TestNG-tests-1] INFO  tests.SubscriptionTests -   Step 4: Default payment method set for invoices
00:04:16.425 [TestNG-tests-4] INFO  tests.SetupIntentTests - ✅ SetupIntent confirmed: seti_1TyFpTCawgxS6rsgBXdIANaw
00:04:16.425 [TestNG-tests-4] INFO  tests.SetupIntentTests - ▶ Running: [TC_10_positive_Update_Setup_Intent_Metadata] | Groups: [setup_intent, regression, saved_card_e2e]
00:04:16.425 [TestNG-tests-4] INFO  tests.SetupIntentTests - Thread=TestNG-tests-4 | Class=SetupIntentTests | Test=TC_10_positive_Update_Setup_Intent_Metadata
00:04:16.425 [TestNG-tests-4] INFO  tests.SetupIntentTests - Testing update SetupIntent metadata: order_id=ord_1785263656425
00:04:16.426 [TestNG-tests-4] INFO  tests.SetupIntentTests - Using SetupIntent ID from context: seti_1TyFpTCawgxS6rsgBXdIANaw
00:04:16.426 [TestNG-tests-4] INFO  tests.SetupIntentTests - Updating SetupIntent ID: seti_1TyFpTCawgxS6rsgBXdIANaw
00:04:16.594 [TestNG-tests-1] INFO  tests.SubscriptionTests -   Step 5: Product created → prod_UyCDNiqYWfqN4z
00:04:17.213 [TestNG-tests-1] INFO  tests.SubscriptionTests -   Step 6: Price created → price_1TyFpUCawgxS6rsgWzPbFxre
00:04:17.357 [TestNG-tests-4] INFO  tests.SetupIntentTests - ✅ SetupIntent metadata updated: order_id=ord_1785263656425
00:04:17.358 [TestNG-tests-4] INFO  tests.SetupIntentTests - ▶ Running: [TC_10_positive_Update_Setup_Intent_Metadata] | Groups: [setup_intent, regression, saved_card_e2e]
00:04:17.358 [TestNG-tests-4] INFO  tests.SetupIntentTests - Thread=TestNG-tests-4 | Class=SetupIntentTests | Test=TC_10_positive_Update_Setup_Intent_Metadata
00:04:17.358 [TestNG-tests-4] INFO  tests.SetupIntentTests - Testing update SetupIntent metadata: source=automation_test
00:04:17.358 [TestNG-tests-4] INFO  tests.SetupIntentTests - Using SetupIntent ID from context: seti_1TyFpTCawgxS6rsgBXdIANaw
00:04:17.358 [TestNG-tests-4] INFO  tests.SetupIntentTests - Updating SetupIntent ID: seti_1TyFpTCawgxS6rsgBXdIANaw
00:04:17.463 [TestNG-tests-3] INFO  tests.TransferTests - Created fallback transfer ID for TC_15: tr_3TyFpSCawgxS6rsg0ooosGrg
00:04:17.529 [TestNG-tests-2] INFO  tests.AccountTests - Account created unexpectedly, adding to fallback cleanup ID: acct_1TyFpQCawgN9GBXU
00:04:17.530 [TestNG-tests-2] ERROR listeners.ExtentReportListener - 
╔══════════════════════════════════════════════════════════╗
00:04:17.530 [TestNG-tests-2] ERROR listeners.ExtentReportListener - ║  REQUEST/RESPONSE LOG FOR FAILED TEST: TC_14_CreateAccount_SpecialCharsDisplayName  
00:04:17.530 [TestNG-tests-2] ERROR listeners.ExtentReportListener - ╚══════════════════════════════════════════════════════════╝
00:04:17.530 [TestNG-tests-2] ERROR listeners.ExtentReportListener - 
========== API REQUEST ==========
Method  : POST
URI     : https://api.stripe.com/v2/core/accounts
Headers :
Authorization=Bearer
Stripe-Version=2026-04-08.preview
Accept=*/*
Content-Type=application/json
Body    :
{"contact_email":"cody.von@hotmail.com","display_name":"*/*/*/*#$!#!AA!!!","identity":{"country":"us","entity_type":"company","business_details":{"registered_name":"Goldie"}},"configuration":{"customer":{"capabilities":{"automatic_indirect_tax":{"requested":true}}},"merchant":{"capabilities":{"card_payments":{"requested":true}}}},"defaults":{"responsibilities":{"fees_collector":"stripe","losses_collector":"stripe"}},"dashboard":"full","include":["configuration.customer","configuration.merchant","identity","defaults"]}
========== API RESPONSE ==========
Status  : 200
Headers :
Server=nginx
Date=Tue, 28 Jul 2026 18:34:17 GMT
Content-Type=application/json
Content-Length=3735
Connection=keep-alive
Access-Control-Allow-Methods=DELETE, GET, HEAD, PATCH, POST, PUT
Access-Control-Allow-Origin=*
Access-Control-Expose-Headers=Request-Id, Stripe-Manage-Version, Stripe-Should-Retry, X-Stripe-External-Auth-Required, X-Stripe-Privileged-Session-Required
Access-Control-Max-Age=300
Cache-Control=max-age=0, no-cache, no-store, must-revalidate
Content-Security-Policy=base-uri 'none'; default-src 'none'; form-action 'none'; frame-ancestors 'none'; img-src 'self'; object-src 'none'; script-src 'self' 'report-sample'; style-src 'self'; worker-src 'none'; upgrade-insecure-requests; report-uri https://q.stripe.com/csp-violation?q=Jq39mFZwYmJH5SpCmXgc_HlXD7yIqEMPjh5fs4EV3LIhqMAnP6QtaQ0AGzxM7CXJNG235Tecfd4%3D; report-to csp
Cross-Origin-Opener-Policy=same-origin; report-to="wsp_coop"
Expires=0
Idempotency-Key=dfe2ed87-0864-3e54-8b90-d973018dd058
Pragma=no-cache
Referrer-Policy=strict-origin-when-cross-origin
Report-To={"group":"coop","max_age":8640,"endpoints":[{"url":"https://q.stripe.com/coop-report"}],"include_subdomains":true}, {"group":"wsp_coop","max_age":8640,"endpoints":[{"url":"https://q.stripe.com/coop-report?s=Jq39mFZwYmJH5SpCmXgc_HlXD7yIqEMPjh5fs4EV3LIhqMAnP6QtaQ0AGzxM7CXJNG235Tecfd4="}],"include_subdomains":true}, {"group":"wsp_coep","max_age":8640,"endpoints":[{"url":"https://q.stripe.com/coep-report?s=Jq39mFZwYmJH5SpCmXgc_HlXD7yIqEMPjh5fs4EV3LIhqMAnP6QtaQ0AGzxM7CXJNG235Tecfd4="}],"include_subdomains":true}, {"group":"csp","max_age":8640,"endpoints":[{"url":"https://q.stripe.com/csp-report-v2?q=Jq39mFZwYmJH5SpCmXgc_HlXD7yIqEMPjh5fs4EV3LIhqMAnP6QtaQ0AGzxM7CXJNG235Tecfd4%3D&t=1"}],"include_subdomains":true}
Reporting-Endpoints=coop="https://q.stripe.com/coop-report", wsp_coop="https://q.stripe.com/coop-report?s=Jq39mFZwYmJH5SpCmXgc_HlXD7yIqEMPjh5fs4EV3LIhqMAnP6QtaQ0AGzxM7CXJNG235Tecfd4=", wsp_coep="https://q.stripe.com/coep-report?s=Jq39mFZwYmJH5SpCmXgc_HlXD7yIqEMPjh5fs4EV3LIhqMAnP6QtaQ0AGzxM7CXJNG235Tecfd4=", csp="https://q.stripe.com/csp-report-v2?q=Jq39mFZwYmJH5SpCmXgc_HlXD7yIqEMPjh5fs4EV3LIhqMAnP6QtaQ0AGzxM7CXJNG235Tecfd4%3D&t=1"
Request-Id=req_v29vbkp27GARCtO0z
Vary=Origin
X-Content-Type-Options=nosniff
X-Robots-Tag=none
X-Wc=3ff
Strict-Transport-Security=max-age=63072000; includeSubDomains; preload
Body    :
{
    "id": "acct_1TyFpQCawgN9GBXU",
    "object": "v2.core.account",
    "applied_configurations": [
        "customer",
        "merchant"
    ],
    "closed": false,
    "configuration": {
        "customer": {
            "applied": true,
            "automatic_indirect_tax": {
                "exempt": "none",
                "ip_address": null,
                "location": null,
                "location_source": null
            },
            "billing": {
                "default_payment_method": null,
                "invoice": {
                    "custom_fields": [
                        
                    ],
                    "footer": null,
                    "next_sequence": 1,
                    "prefix": "PSBUTWMC",
                    "rendering": null
                }
            },
            "capabilities": {
                "automatic_indirect_tax": {
                    "status": "restricted",
                    "status_details": [
                        {
                            "code": "requirements_past_due",
                            "resolution": "provide_info"
                        }
                    ]
                }
            },
            "shipping": null,
            "test_clock": null
        },
        "merchant": {
            "applied": true,
            "bacs_debit_payments": null,
            "branding": {
                "icon": null,
                "logo": null,
                "primary_color": null,
                "secondary_color": null
            },
            "capabilities": {
                "ach_debit_payments": null,
                "acss_debit_payments": null,
                "affirm_payments": null,
                "afterpay_clearpay_payments": null,
                "alma_payments": null,
                "amazon_pay_payments": null,
                "au_becs_debit_payments": null,
                "bacs_debit_payments": null,
                "bancontact_payments": null,
                "blik_payments": null,
                "boleto_payments": null,
                "card_payments": {
                    "status": "restricted",
                    "status_details": [
                        {
                            "code": "requirements_past_due",
                            "resolution": "provide_info"
                        }
                    ]
                },
                "cartes_bancaires_payments": null,
                "cashapp_payments": null,
                "eps_payments": null,
                "fpx_payments": null,
                "gb_bank_transfer_payments": null,
                "grabpay_payments": null,
                "ideal_payments": null,
                "jcb_payments": null,
                "jp_bank_transfer_payments": null,
                "kakao_pay_payments": null,
                "klarna_payments": null,
                "konbini_payments": null,
                "kr_card_payments": null,
                "link_payments": null,
                "mobilepay_payments": null,
                "multibanco_payments": null,
                "mx_bank_transfer_payments": null,
                "naver_pay_payments": null,
                "oxxo_payments": null,
                "p24_payments": null,
                "pay_by_bank_payments": null,
                "payco_payments": null,
                "paynow_payments": null,
                "promptpay_payments": null,
                "revolut_pay_payments": null,
                "samsung_pay_payments": null,
                "sepa_bank_transfer_payments": null,
                "sepa_debit_payments": null,
                "stripe_balance": {
                    "payouts": {
                        "status": "restricted",
                        "status_details": [
                            {
                                "code": "requirements_past_due",
                                "resolution": "provide_info"
                            }
                        ]
                    }
                },
                "swish_payments": null,
                "twint_payments": null,
                "us_bank_transfer_payments": null,
                "zip_payments": null
            },
            "card_payments": {
                "decline_on": {
                    "avs_failure": false,
                    "cvc_failure": false
                }
            },
            "konbini_payments": null,
            "mcc": null,
            "script_statement_descriptor": {
                "kana": {
                    "descriptor": null,
                    "prefix": null
                },
                "kanji": {
                    "descriptor": null,
                    "prefix": null
                }
            },
            "sepa_debit_payments": null,
            "smart_disputes": {
                "auto_respond": {
                    "preference": "inherit",
                    "value": "on"
                }
            },
            "statement_descriptor": {
                "descriptor": null,
                "prefix": null
            },
            "support": {
                "address": {
                    "city": null,
                    "country": null,
                    "line1": null,
                    "line2": null,
                    "postal_code": null,
                    "state": null,
                    "town": null
                },
                "email": null,
                "phone": null,
                "url": null
            }
        },
        "recipient": null
    },
    "contact_email": "cody.von@hotmail.com",
    "contact_phone": null,
    "created": "2026-07-28T18:34:15.000Z",
    "dashboard": "full",
    "identity": {
        "attestations": {
            "directorship_declaration": null,
            "ownership_declaration": null,
            "persons_provided": {
                "directors": false,
                "executives": false,
                "owners": false,
                "ownership_exemption_reason": null
            },
            "representative_declaration": null,
            "terms_of_service": {
                "account": null
            }
        },
        "business_details": {
            "address": null,
            "annual_revenue": null,
            "documents": null,
            "estimated_worker_count": null,
            "id_numbers": [
                
            ],
            "monthly_estimated_revenue": null,
            "phone": null,
            "registered_name": "Goldie",
            "registration_date": null,
            "script_addresses": null,
            "script_names": null,
            "structure": null
        },
        "country": "US",
        "entity_type": "company",
        "individual": null
    },
    "defaults": {
        "currency": "usd",
        "locales": [
            
        ],
        "profile": {
            "business_url": null,
            "doing_business_as": null,
            "product_description": null
        },
        "responsibilities": {
            "fees_collector": "stripe",
            "losses_collector": "stripe",
            "requirements_collector": "stripe"
        },
        "timezone": null
    },
    "display_name": "*/*/*/*#$!#!AA!!!",
    "future_requirements": null,
    "metadata": {
        
    },
    "requirements": null,
    "livemode": false
}
==================================
00:04:17.530 [TestNG-tests-2] ERROR listeners.ExtentReportListener - ╔══════════════════════════════════════════════════════════╗
00:04:17.530 [TestNG-tests-2] ERROR listeners.ExtentReportListener - ║  END OF REQUEST/RESPONSE LOG                             ║
00:04:17.530 [TestNG-tests-2] ERROR listeners.ExtentReportListener - ╚══════════════════════════════════════════════════════════╝
00:04:17.530 [TestNG-tests-2] INFO  tests.AccountTests - ▶ Running: [TC_15_CreateAccount_MissingIdentity] | Groups: [accounts, negative, regression]
00:04:17.530 [TestNG-tests-2] INFO  tests.AccountTests - Thread=TestNG-tests-2 | Class=AccountTests | Test=TC_15_CreateAccount_MissingIdentity
00:04:17.530 [TestNG-tests-2] INFO  tests.AccountTests - Testing create account without identity payload
00:04:17.967 [TestNG-tests-4] INFO  tests.SetupIntentTests - ✅ SetupIntent metadata updated: source=automation_test
00:04:17.967 [TestNG-tests-4] INFO  tests.SetupIntentTests - ▶ Running: [TC_10_positive_Update_Setup_Intent_Metadata] | Groups: [setup_intent, regression, saved_card_e2e]
00:04:17.968 [TestNG-tests-4] INFO  tests.SetupIntentTests - Thread=TestNG-tests-4 | Class=SetupIntentTests | Test=TC_10_positive_Update_Setup_Intent_Metadata
00:04:17.968 [TestNG-tests-4] INFO  tests.SetupIntentTests - Testing update SetupIntent metadata: environment=staging
00:04:17.968 [TestNG-tests-4] INFO  tests.SetupIntentTests - Using SetupIntent ID from context: seti_1TyFpTCawgxS6rsgBXdIANaw
00:04:17.968 [TestNG-tests-4] INFO  tests.SetupIntentTests - Updating SetupIntent ID: seti_1TyFpTCawgxS6rsgBXdIANaw
00:04:18.090 [TestNG-tests-2] INFO  tests.AccountTests - Successfully verified missing identity rejection
00:04:18.092 [TestNG-tests-2] INFO  tests.AccountTests - ▶ Running: [TC_16_CreateAccount_MissingCountry] | Groups: [accounts, negative, regression]
00:04:18.092 [TestNG-tests-2] INFO  tests.AccountTests - Thread=TestNG-tests-2 | Class=AccountTests | Test=TC_16_CreateAccount_MissingCountry
00:04:18.092 [TestNG-tests-2] INFO  tests.AccountTests - Testing create account without country in identity
00:04:18.137 [TestNG-tests-3] INFO  tests.TransferTests - Successfully verified amount exceeding original error
00:04:18.138 [TestNG-tests-3] INFO  tests.TransferTests - ▶ Running: [TC_16_ReverseTransfer_ZeroAmount] | Groups: [transfer, negative, regression]
00:04:18.138 [TestNG-tests-3] INFO  tests.TransferTests - Thread=TestNG-tests-3 | Class=TransferTests | Test=TC_16_ReverseTransfer_ZeroAmount
00:04:18.138 [TestNG-tests-3] INFO  tests.TransferTests - Testing reverse transfer with zero amount
00:04:18.635 [TestNG-tests-4] INFO  tests.SetupIntentTests - ✅ SetupIntent metadata updated: environment=staging
00:04:18.636 [TestNG-tests-4] INFO  tests.SetupIntentTests - ▶ Running: [TC_08_positive_Retrieve_Setup_Intent] | Groups: [setup_intent, regression, saved_card_e2e]
00:04:18.636 [TestNG-tests-4] INFO  tests.SetupIntentTests - Thread=TestNG-tests-4 | Class=SetupIntentTests | Test=TC_08_positive_Retrieve_Setup_Intent
00:04:18.636 [TestNG-tests-4] INFO  tests.SetupIntentTests - Testing retrieve SetupIntent
00:04:18.636 [TestNG-tests-4] INFO  tests.SetupIntentTests - Created SetupIntent ID: seti_1TyFpTCawgxS6rsgBXdIANaw
00:04:18.636 [TestNG-tests-4] INFO  tests.SetupIntentTests - Retrieving SetupIntent ID: seti_1TyFpTCawgxS6rsgBXdIANaw
00:04:18.659 [TestNG-tests-2] INFO  tests.AccountTests - Successfully verified missing country rejection
00:04:18.659 [TestNG-tests-2] INFO  tests.AccountTests - ▶ Running: [TC_17_RetrieveAccount_ValidId] | Groups: [accounts, create_retrieve_close_account, regression]
00:04:18.659 [TestNG-tests-2] INFO  tests.AccountTests - Thread=TestNG-tests-2 | Class=AccountTests | Test=TC_17_RetrieveAccount_ValidId
00:04:18.659 [TestNG-tests-2] INFO  tests.AccountTests - Testing retrieve valid account
00:04:18.659 [TestNG-tests-2] INFO  tests.AccountTests - Fetched account ID from context --> acct_1TyFo1Cawg6mXxYz
00:04:18.659 [TestNG-tests-2] INFO  tests.AccountTests - Retrieving account ID: acct_1TyFo1Cawg6mXxYz
00:04:19.236 [TestNG-tests-4] INFO  tests.SetupIntentTests - POJO validation passed for retrieved setup intent: seti_1TyFpTCawgxS6rsgBXdIANaw
00:04:19.236 [TestNG-tests-4] INFO  tests.SetupIntentTests - ✅ SetupIntent retrieved: seti_1TyFpTCawgxS6rsgBXdIANaw
00:04:19.236 [TestNG-tests-4] INFO  tests.SetupIntentTests - ▶ Running: [TC_12_positive_Cancel_Setup_Intent] | Groups: [setup_intent, regression, saved_card_e2e]
00:04:19.236 [TestNG-tests-4] INFO  tests.SetupIntentTests - Thread=TestNG-tests-4 | Class=SetupIntentTests | Test=TC_12_positive_Cancel_Setup_Intent
00:04:19.237 [TestNG-tests-4] INFO  tests.SetupIntentTests - Testing cancel SetupIntent with reason: abandoned
00:04:19.252 [TestNG-tests-2] INFO  tests.AccountTests - POJO validation passed for retrieved account: acct_1TyFo1Cawg6mXxYz
00:04:19.253 [TestNG-tests-2] INFO  tests.AccountTests - Successfully retrieved account
00:04:19.253 [TestNG-tests-2] INFO  tests.AccountTests - ▶ Running: [TC_18_RetrieveAccount_Unauthorized_Id] | Groups: [accounts, negative, regression]
00:04:19.253 [TestNG-tests-2] INFO  tests.AccountTests - Thread=TestNG-tests-2 | Class=AccountTests | Test=TC_18_RetrieveAccount_Unauthorized_Id
00:04:19.253 [TestNG-tests-2] INFO  tests.AccountTests - Testing retrieve account with invalid ID
00:04:19.796 [TestNG-tests-4] INFO  tests.SetupIntentTests - Created SetupIntent ID: seti_1TyFpXCawgxS6rsgOZA5SVkV
00:04:19.796 [TestNG-tests-4] INFO  tests.SetupIntentTests - Canceling SetupIntent ID: seti_1TyFpXCawgxS6rsgOZA5SVkV
00:04:20.022 [TestNG-tests-2] INFO  tests.AccountTests - Successfully verified retrieve invalid ID rejection
00:04:20.023 [TestNG-tests-2] INFO  tests.AccountTests - ▶ Running: [TC_19_RetrieveAccount_GarbageId] | Groups: [accounts, negative, regression]
00:04:20.023 [TestNG-tests-2] INFO  tests.AccountTests - Thread=TestNG-tests-2 | Class=AccountTests | Test=TC_19_RetrieveAccount_GarbageId
00:04:20.023 [TestNG-tests-2] INFO  tests.AccountTests - Testing retrieve account with garbage ID
00:04:20.380 [TestNG-tests-4] INFO  tests.SetupIntentTests - ✅ SetupIntent canceled with reason: abandoned
00:04:20.380 [TestNG-tests-4] INFO  tests.SetupIntentTests - ▶ Running: [TC_12_positive_Cancel_Setup_Intent] | Groups: [setup_intent, regression, saved_card_e2e]
00:04:20.380 [TestNG-tests-4] INFO  tests.SetupIntentTests - Thread=TestNG-tests-4 | Class=SetupIntentTests | Test=TC_12_positive_Cancel_Setup_Intent
00:04:20.380 [TestNG-tests-4] INFO  tests.SetupIntentTests - Testing cancel SetupIntent with reason: requested_by_customer
00:04:20.570 [TestNG-tests-1] INFO  tests.SubscriptionTests -   Step 7: Subscription created & active → sub_1TyFpVCawgxS6rsgDLjCEeDK
00:04:20.715 [TestNG-tests-2] INFO  tests.AccountTests - Successfully verified retrieve garbage ID rejection
00:04:20.716 [TestNG-tests-2] INFO  tests.AccountTests - ▶ Running: [TC_20_RetrieveAccount_MissingAuth] | Groups: [accounts, auth, negative, regression]
00:04:20.716 [TestNG-tests-2] INFO  tests.AccountTests - Thread=TestNG-tests-2 | Class=AccountTests | Test=TC_20_RetrieveAccount_MissingAuth
00:04:20.716 [TestNG-tests-2] INFO  tests.AccountTests - Testing retrieve account with missing auth
00:04:20.956 [TestNG-tests-4] INFO  tests.SetupIntentTests - Created SetupIntent ID: seti_1TyFpYCawgxS6rsg8sjoVFzs
00:04:20.956 [TestNG-tests-4] INFO  tests.SetupIntentTests - Canceling SetupIntent ID: seti_1TyFpYCawgxS6rsg8sjoVFzs
00:04:21.044 [TestNG-tests-2] INFO  tests.AccountTests - Successfully verified retrieve missing auth rejection
00:04:21.044 [TestNG-tests-2] INFO  tests.AccountTests - ▶ Running: [TC_21_RetrieveAccount_InvalidAuth] | Groups: [accounts, auth, negative, regression]
00:04:21.044 [TestNG-tests-2] INFO  tests.AccountTests - Thread=TestNG-tests-2 | Class=AccountTests | Test=TC_21_RetrieveAccount_InvalidAuth
00:04:21.044 [TestNG-tests-2] INFO  tests.AccountTests - Testing retrieve account with invalid auth
00:04:21.150 [TestNG-tests-1] INFO  tests.SubscriptionTests -   Step 8: Subscription retrieval verified ✅
00:04:21.360 [TestNG-tests-2] INFO  tests.AccountTests - Successfully verified retrieve invalid auth rejection
00:04:21.360 [TestNG-tests-2] INFO  tests.AccountTests - ▶ Running: [TC_22_CloseAccount_ValidId] | Groups: [accounts, create_retrieve_close_account, regression]
00:04:21.360 [TestNG-tests-2] INFO  tests.AccountTests - Thread=TestNG-tests-2 | Class=AccountTests | Test=TC_22_CloseAccount_ValidId
00:04:21.360 [TestNG-tests-2] INFO  tests.AccountTests - Testing close valid account
00:04:21.529 [TestNG-tests-4] INFO  tests.SetupIntentTests - ✅ SetupIntent canceled with reason: requested_by_customer
00:04:21.529 [TestNG-tests-4] INFO  tests.SetupIntentTests - ▶ Running: [TC_12_positive_Cancel_Setup_Intent] | Groups: [setup_intent, regression, saved_card_e2e]
00:04:21.529 [TestNG-tests-4] INFO  tests.SetupIntentTests - Thread=TestNG-tests-4 | Class=SetupIntentTests | Test=TC_12_positive_Cancel_Setup_Intent
00:04:21.530 [TestNG-tests-4] INFO  tests.SetupIntentTests - Testing cancel SetupIntent with reason: duplicate
00:04:21.756 [TestNG-tests-3] INFO  tests.TransferTests - Created fallback transfer ID for TC_16: tr_3TyFpWCawgxS6rsg17EaCqN7
00:04:21.915 [TestNG-tests-1] INFO  tests.SubscriptionTests -   Step 9: Subscription canceled successfully ✅
00:04:21.915 [TestNG-tests-1] INFO  tests.SubscriptionTests - 🎉 E2E Subscription Lifecycle Flow complete!
00:04:21.915 [TestNG-tests-1] INFO  tests.SubscriptionTests - Running cleanup for SubscriptionTests
00:04:21.915 [TestNG-tests-1] INFO  tests.SubscriptionTests - In flow mode, bypassing SubscriptionTests cleanup (delegated to suite cleanup)
00:04:21.943 [TestNG-tests-1] INFO  tests.PayoutsTest - ▶ Running: [TC_01_Create_Valid_Payout] | Groups: [payout, regression, create_retrieve_cancel_payout, marketplace_e2e, smoke]
00:04:21.943 [TestNG-tests-1] INFO  tests.PayoutsTest - Thread=TestNG-tests-1 | Class=PayoutsTest | Test=TC_01_Create_Valid_Payout
00:04:21.943 [TestNG-tests-1] INFO  tests.PayoutsTest - Test running under groups: [payout, regression, create_retrieve_cancel_payout, marketplace_e2e, smoke]
00:04:21.943 [TestNG-tests-1] INFO  tests.PayoutsTest - No PaymentIntent in context. Funding connected account via fallback transfer...
00:04:22.119 [TestNG-tests-4] INFO  tests.SetupIntentTests - Created SetupIntent ID: seti_1TyFpZCawgxS6rsgeV2EfMKE
00:04:22.119 [TestNG-tests-4] INFO  tests.SetupIntentTests - Canceling SetupIntent ID: seti_1TyFpZCawgxS6rsgeV2EfMKE
00:04:22.296 [TestNG-tests-3] INFO  tests.TransferTests - Successfully verified zero amount error for reverse transfer
00:04:22.297 [TestNG-tests-3] INFO  tests.TransferTests - ▶ Running: [TC_17_ReverseTransfer_InvalidAuth] | Groups: [transfer, negative, auth, regression]
00:04:22.297 [TestNG-tests-3] INFO  tests.TransferTests - Thread=TestNG-tests-3 | Class=TransferTests | Test=TC_17_ReverseTransfer_InvalidAuth
00:04:22.297 [TestNG-tests-3] INFO  tests.TransferTests - Testing reverse transfer with invalid auth
00:04:22.620 [TestNG-tests-3] INFO  tests.TransferTests - Successfully verified invalid auth error
00:04:22.622 [TestNG-tests-3] INFO  tests.TransferTests - ▶ Running: [TC_18_ReverseTransfer_MissingAuth] | Groups: [transfer, negative, auth, regression]
00:04:22.622 [TestNG-tests-3] INFO  tests.TransferTests - Thread=TestNG-tests-3 | Class=TransferTests | Test=TC_18_ReverseTransfer_MissingAuth
00:04:22.622 [TestNG-tests-3] INFO  tests.TransferTests - Testing reverse transfer with missing auth
00:04:22.693 [TestNG-tests-4] INFO  tests.SetupIntentTests - ✅ SetupIntent canceled with reason: duplicate
00:04:22.693 [TestNG-tests-4] INFO  tests.SetupIntentTests - Running cleanup for SetupIntentTests
00:04:22.693 [TestNG-tests-4] INFO  tests.SetupIntentTests - Canceling 11 setup intents
00:04:22.693 [TestNG-tests-4] INFO  tests.SetupIntentTests - Canceling SetupIntent ID: seti_1TyFp3CawgxS6rsgBalRs8WM
00:04:22.944 [TestNG-tests-3] INFO  tests.TransferTests - Successfully verified missing auth error
00:04:22.944 [TestNG-tests-3] INFO  tests.TransferTests - 🧹 Starting cleanup for TransferTests...
00:04:22.944 [TestNG-tests-3] INFO  tests.TransferTests - ℹ️ 1 fallback transfer(s) were created during the test run (cannot be deleted via API):
00:04:22.944 [TestNG-tests-3] INFO  tests.TransferTests -    - Transfer ID: tr_3TyFpSCawgxS6rsg0ooosGrg
00:04:22.944 [TestNG-tests-3] INFO  tests.TransferTests -  Cleanup complete for TransferTests.
00:04:22.962 [TestNG-tests-3] INFO  tests.InvoicesTest - ▶ Running: [TC_01_Create_Draft_Invoice] | Groups: [invoice, regression, create_finalize_pay_invoice, smoke]
00:04:22.962 [TestNG-tests-3] INFO  tests.InvoicesTest - Thread=TestNG-tests-3 | Class=InvoicesTest | Test=TC_01_Create_Draft_Invoice
00:04:22.962 [TestNG-tests-3] INFO  tests.InvoicesTest - Test running under groups: [invoice, regression, create_finalize_pay_invoice, smoke]
00:04:23.290 [TestNG-tests-4] INFO  tests.SetupIntentTests - Canceling SetupIntent ID: seti_1TyFp3CawgxS6rsgihO4E58u
00:04:23.599 [TestNG-tests-3] INFO  tests.InvoicesTest - Added invoice item of 2000 to customer: cus_UyCDb6nSXbLAKP
00:04:23.845 [TestNG-tests-4] INFO  tests.SetupIntentTests - Canceling SetupIntent ID: seti_1TyFp4CawgxS6rsgNgH6ZgSh
00:04:24.439 [TestNG-tests-4] INFO  tests.SetupIntentTests - Canceling SetupIntent ID: seti_1TyFp7CawgxS6rsgbgSIG7KB
00:04:24.485 [TestNG-tests-3] ERROR listeners.ExtentReportListener - 
╔══════════════════════════════════════════════════════════╗
00:04:24.485 [TestNG-tests-3] ERROR listeners.ExtentReportListener - ║  REQUEST/RESPONSE LOG FOR FAILED TEST: TC_01_Create_Draft_Invoice  
00:04:24.485 [TestNG-tests-3] ERROR listeners.ExtentReportListener - ╚══════════════════════════════════════════════════════════╝
00:04:24.485 [TestNG-tests-3] ERROR listeners.ExtentReportListener - 
========== API REQUEST ==========
Method  : POST
URI     : https://api.stripe.com/v1/invoiceitems
Headers :
Authorization=Bearer
Accept=*/*
Content-Type=application/x-www-form-urlencoded; charset=ISO-8859-1
========== API RESPONSE ==========
Status  : 200
Headers :
Server=nginx
Date=Tue, 28 Jul 2026 18:34:23 GMT
Content-Type=application/json
Content-Length=727
Connection=keep-alive
Access-Control-Allow-Credentials=true
Access-Control-Allow-Methods=GET, HEAD, PUT, PATCH, POST, DELETE
Access-Control-Allow-Origin=*
Access-Control-Expose-Headers=Request-Id, Stripe-Manage-Version, Stripe-Should-Retry, X-Stripe-External-Auth-Required, X-Stripe-Privileged-Session-Required
Access-Control-Max-Age=300
Cache-Control=no-cache, no-store
Content-Security-Policy=base-uri 'none'; default-src 'none'; form-action 'none'; frame-ancestors 'none'; img-src 'self'; script-src 'self' 'report-sample'; style-src 'self'; worker-src 'none'; upgrade-insecure-requests; report-uri https://q.stripe.com/csp-violation?q=L6caaPNVNgbyqQbvLW3eOueah0g9-Xs0UdicopGG2O9CDEH2h_EKvQsjG1TnpfaiS8hPMNxbT6kkSpb5; report-to csp
Idempotency-Key=1f982fa8-066d-404a-b3ea-053c46585556
Original-Request=req_Y9py3wtfvx9wyV
Report-To={"group":"csp","max_age":8640,"endpoints":[{"url":"https://q.stripe.com/csp-report-v2?q=L6caaPNVNgbyqQbvLW3eOueah0g9-Xs0UdicopGG2O9CDEH2h_EKvQsjG1TnpfaiS8hPMNxbT6kkSpb5&t=1"}],"include_subdomains":true}
Reporting-Endpoints=csp="https://q.stripe.com/csp-report-v2?q=L6caaPNVNgbyqQbvLW3eOueah0g9-Xs0UdicopGG2O9CDEH2h_EKvQsjG1TnpfaiS8hPMNxbT6kkSpb5&t=1"
Request-Id=req_Y9py3wtfvx9wyV
Stripe-Should-Retry=false
Stripe-Version=2026-03-25.dahlia
Vary=Origin
X-Stripe-Priority-Routing-Enabled=true
X-Stripe-Routing-Context-Priority-Tier=api-testmode
X-Wc=3c3
Strict-Transport-Security=max-age=63072000; includeSubDomains; preload
Body    :
{
    "id": "ii_1TyFpaCawgxS6rsgTW0fKdKQ",
    "object": "invoiceitem",
    "amount": 2000,
    "currency": "usd",
    "customer": "cus_UyCDb6nSXbLAKP",
    "customer_account": null,
    "date": 1785263662,
    "description": "Automation test item",
    "discountable": true,
    "discounts": [
        
    ],
    "invoice": null,
    "livemode": false,
    "metadata": {
        
    },
    "parent": null,
    "period": {
        "end": 1785263662,
        "start": 1785263662
    },
    "pricing": {
        "price_details": {
            "price": "price_1TxEB1CawgxS6rsgcFA9GVao",
            "product": "prod_Ux8RwIWZcjMOhK"
        },
        "type": "price_details",
        "unit_amount_decimal": "2000"
    },
    "proration": false,
    "quantity": 1,
    "quantity_decimal": "1",
    "tax_rates": [
        
    ],
    "test_clock": null
}
==================================
00:04:24.485 [TestNG-tests-3] ERROR listeners.ExtentReportListener - 
========== API REQUEST ==========
Method  : POST
URI     : https://api.stripe.com/v1/invoices
Headers :
Authorization=Bearer
Accept=*/*
Content-Type=application/x-www-form-urlencoded; charset=ISO-8859-1
========== API RESPONSE ==========
Status  : 200
Headers :
Server=nginx
Date=Tue, 28 Jul 2026 18:34:24 GMT
Content-Type=application/json
Content-Length=3874
Connection=keep-alive
Access-Control-Allow-Credentials=true
Access-Control-Allow-Methods=GET, HEAD, PUT, PATCH, POST, DELETE
Access-Control-Allow-Origin=*
Access-Control-Expose-Headers=Request-Id, Stripe-Manage-Version, Stripe-Should-Retry, X-Stripe-External-Auth-Required, X-Stripe-Privileged-Session-Required
Access-Control-Max-Age=300
Cache-Control=no-cache, no-store
Content-Security-Policy=base-uri 'none'; default-src 'none'; form-action 'none'; frame-ancestors 'none'; img-src 'self'; script-src 'self' 'report-sample'; style-src 'self'; worker-src 'none'; upgrade-insecure-requests; report-uri https://q.stripe.com/csp-violation?q=iujAALJQJTq1a_sGBBuUIWnzpQIM3Ui85Lm04ySZLzzaCJRIOVhzWY0XE0tpHfoYHDApAfQ3uJCwqZQK; report-to csp
Idempotency-Key=51c40758-370f-47bf-92a2-ad62b1c7ab94
Original-Request=req_ISdtpFPYnAG4ph
Report-To={"group":"csp","max_age":8640,"endpoints":[{"url":"https://q.stripe.com/csp-report-v2?q=iujAALJQJTq1a_sGBBuUIWnzpQIM3Ui85Lm04ySZLzzaCJRIOVhzWY0XE0tpHfoYHDApAfQ3uJCwqZQK&t=1"}],"include_subdomains":true}
Reporting-Endpoints=csp="https://q.stripe.com/csp-report-v2?q=iujAALJQJTq1a_sGBBuUIWnzpQIM3Ui85Lm04ySZLzzaCJRIOVhzWY0XE0tpHfoYHDApAfQ3uJCwqZQK&t=1"
Request-Id=req_ISdtpFPYnAG4ph
Stripe-Should-Retry=false
Stripe-Version=2026-03-25.dahlia
Vary=Origin
X-Stripe-Priority-Routing-Enabled=true
X-Stripe-Routing-Context-Priority-Tier=api-testmode
X-Wc=3c3
Strict-Transport-Security=max-age=63072000; includeSubDomains; preload
Body    :
{
    "id": "in_1TyFpbCawgxS6rsgEPQ3exuq",
    "object": "invoice",
    "account_country": "US",
    "account_name": "Magenta Freestyle",
    "account_tax_ids": null,
    "amount_due": 2000,
    "amount_overpaid": 0,
    "amount_paid": 0,
    "amount_remaining": 2000,
    "amount_shipping": 0,
    "application": null,
    "attempt_count": 0,
    "attempted": false,
    "auto_advance": false,
    "automatic_tax": {
        "disabled_reason": null,
        "enabled": false,
        "liability": null,
        "provider": null,
        "status": null
    },
    "automatically_finalizes_at": null,
    "billing_reason": "manual",
    "collection_method": "charge_automatically",
    "created": 1785263663,
    "currency": "usd",
    "custom_fields": null,
    "customer": "cus_UyCDb6nSXbLAKP",
    "customer_account": null,
    "customer_address": null,
    "customer_email": "JeromeGradySr.@test.com",
    "customer_name": "Jerome Grady Sr.",
    "customer_phone": null,
    "customer_shipping": null,
    "customer_tax_exempt": "none",
    "customer_tax_ids": [
        
    ],
    "default_payment_method": null,
    "default_source": null,
    "default_tax_rates": [
        
    ],
    "description": null,
    "discounts": [
        
    ],
    "due_date": null,
    "effective_at": null,
    "ending_balance": null,
    "footer": null,
    "from_invoice": null,
    "hosted_invoice_url": null,
    "invoice_pdf": null,
    "issuer": {
        "type": "self"
    },
    "last_finalization_error": null,
    "latest_revision": null,
    "lines": {
        "object": "list",
        "data": [
            {
                "id": "il_1TyFpaCawgxS6rsgJhmNGuA3",
                "object": "line_item",
                "amount": 2000,
                "currency": "usd",
                "description": "Automation test item",
                "discount_amounts": [
                    
                ],
                "discountable": true,
                "discounts": [
                    
                ],
                "invoice": "in_1TyFpbCawgxS6rsgEPQ3exuq",
                "livemode": false,
                "metadata": {
                    
                },
                "parent": {
                    "invoice_item_details": {
                        "invoice_item": "ii_1TyFpaCawgxS6rsgTW0fKdKQ",
                        "proration": false,
                        "proration_details": {
                            "credited_items": null
                        },
                        "subscription": null
                    },
                    "subscription_item_details": null,
                    "type": "invoice_item_details"
                },
                "period": {
                    "end": 1785263662,
                    "start": 1785263662
                },
                "pretax_credit_amounts": [
                    
                ],
                "pricing": {
                    "price_details": {
                        "price": "price_1TxEB1CawgxS6rsgcFA9GVao",
                        "product": "prod_Ux8RwIWZcjMOhK"
                    },
                    "type": "price_details",
                    "unit_amount_decimal": "2000"
                },
                "quantity": 1,
                "quantity_decimal": "1",
                "subtotal": 2000,
                "taxes": [
                    
                ]
            }
        ],
        "has_more": false,
        "total_count": 1,
        "url": "/v1/invoices/in_1TyFpbCawgxS6rsgEPQ3exuq/lines"
    },
    "livemode": false,
    "metadata": {
        
    },
    "next_payment_attempt": null,
    "number": null,
    "on_behalf_of": null,
    "parent": null,
    "payment_settings": {
        "default_mandate": null,
        "payment_method_options": null,
        "payment_method_types": null
    },
    "period_end": 1785263663,
    "period_start": 1785263663,
    "post_payment_credit_notes_amount": 0,
    "pre_payment_credit_notes_amount": 0,
    "receipt_number": null,
    "rendering": {
        "amount_tax_display": null,
        "pdf": {
            "page_size": "auto"
        },
        "template": null,
        "template_version": null
    },
    "shipping_cost": null,
    "shipping_details": null,
    "starting_balance": 0,
    "statement_descriptor": null,
    "status": "draft",
    "status_transitions": {
        "finalized_at": null,
        "marked_uncollectible_at": null,
        "paid_at": null,
        "voided_at": null
    },
    "subtotal": 2000,
    "subtotal_excluding_tax": 2000,
    "test_clock": null,
    "total": 2000,
    "total_discount_amounts": [
        
    ],
    "total_excluding_tax": 2000,
    "total_pretax_credit_amounts": [
        
    ],
    "total_taxes": [
        
    ],
    "webhooks_delivered_at": 1785263663
}
==================================
00:04:24.485 [TestNG-tests-3] ERROR listeners.ExtentReportListener - ╔══════════════════════════════════════════════════════════╗
00:04:24.485 [TestNG-tests-3] ERROR listeners.ExtentReportListener - ║  END OF REQUEST/RESPONSE LOG                             ║
00:04:24.485 [TestNG-tests-3] ERROR listeners.ExtentReportListener - ╚══════════════════════════════════════════════════════════╝
00:04:24.485 [TestNG-tests-3] INFO  tests.InvoicesTest - ▶ Running: [TC_02_Finalize_Invoice] | Groups: [invoice, regression, create_finalize_pay_invoice]
00:04:24.485 [TestNG-tests-3] INFO  tests.InvoicesTest - Thread=TestNG-tests-3 | Class=InvoicesTest | Test=TC_02_Finalize_Invoice
00:04:24.486 [TestNG-tests-3] INFO  tests.InvoicesTest - Test running under groups: [invoice, regression, create_finalize_pay_invoice]
00:04:25.043 [TestNG-tests-4] INFO  tests.SetupIntentTests - Canceling SetupIntent ID: seti_1TyFp9CawgxS6rsgaxfqpFZd
00:04:25.403 [TestNG-tests-1] INFO  tests.PayoutsTest - Connected account successfully funded.
00:04:25.669 [TestNG-tests-4] INFO  tests.SetupIntentTests - Canceling SetupIntent ID: seti_1TyFpBCawgxS6rsgPQx74lx5
00:04:25.988 [TestNG-tests-3] INFO  tests.InvoicesTest - Created fallback draft invoice: in_1TyFpdCawgxS6rsg3YP6mqVS
00:04:25.988 [TestNG-tests-3] INFO  tests.InvoicesTest - Finalizing invoice: in_1TyFpdCawgxS6rsg3YP6mqVS
00:04:26.298 [TestNG-tests-4] INFO  tests.SetupIntentTests - Canceling SetupIntent ID: seti_1TyFpMCawgxS6rsgavl8yGz3
00:04:26.881 [TestNG-tests-4] INFO  tests.SetupIntentTests - Canceling SetupIntent ID: seti_1TyFpOCawgxS6rsgn91xgskr
00:04:26.941 [TestNG-tests-1] INFO  tests.PayoutsTest - POJO validation passed for payout: po_1TyFpdCZEKU5HqHFj5v2tnJ5
00:04:26.941 [TestNG-tests-1] INFO  tests.PayoutsTest - Created Payout ID: po_1TyFpdCZEKU5HqHFj5v2tnJ5
00:04:26.941 [TestNG-tests-1] INFO  tests.PayoutsTest - ▶ Running: [TC_02_Retrieve_Payout] | Groups: [payout, regression, create_retrieve_cancel_payout]
00:04:26.941 [TestNG-tests-1] INFO  tests.PayoutsTest - Thread=TestNG-tests-1 | Class=PayoutsTest | Test=TC_02_Retrieve_Payout
00:04:27.466 [TestNG-tests-4] INFO  tests.SetupIntentTests - Canceling SetupIntent ID: seti_1TyFpXCawgxS6rsgOZA5SVkV
00:04:27.507 [TestNG-tests-1] INFO  tests.PayoutsTest - POJO validation passed for retrieved payout: po_1TyFpdCZEKU5HqHFj5v2tnJ5
00:04:27.508 [TestNG-tests-1] INFO  tests.PayoutsTest - ▶ Running: [TC_03_Cancel_Payout] | Groups: [payout, regression, create_retrieve_cancel_payout]
00:04:27.508 [TestNG-tests-1] INFO  tests.PayoutsTest - Thread=TestNG-tests-1 | Class=PayoutsTest | Test=TC_03_Cancel_Payout
00:04:27.666 [TestNG-tests-3] INFO  tests.InvoicesTest - POJO validation passed for finalized invoice: in_1TyFpdCawgxS6rsg3YP6mqVS
00:04:27.666 [TestNG-tests-3] INFO  tests.InvoicesTest - Invoice in_1TyFpdCawgxS6rsg3YP6mqVS finalized successfully (status: open)
00:04:27.666 [TestNG-tests-3] INFO  tests.InvoicesTest - ▶ Running: [TC_03_Pay_Invoice] | Groups: [invoice, regression, create_finalize_pay_invoice]
00:04:27.666 [TestNG-tests-3] INFO  tests.InvoicesTest - Thread=TestNG-tests-3 | Class=InvoicesTest | Test=TC_03_Pay_Invoice
00:04:27.667 [TestNG-tests-3] INFO  tests.InvoicesTest - Test running under groups: [invoice, regression, create_finalize_pay_invoice]
00:04:27.667 [TestNG-tests-3] INFO  tests.InvoicesTest - Paying invoice: in_1TyFpdCawgxS6rsg3YP6mqVS with payment method: pm_1TyFolCawgxS6rsgTu4Xn3zU
00:04:28.068 [TestNG-tests-4] INFO  tests.SetupIntentTests - Canceling SetupIntent ID: seti_1TyFpYCawgxS6rsg8sjoVFzs
00:04:28.097 [TestNG-tests-1] ERROR listeners.ExtentReportListener - 
╔══════════════════════════════════════════════════════════╗
00:04:28.097 [TestNG-tests-1] ERROR listeners.ExtentReportListener - ║  REQUEST/RESPONSE LOG FOR FAILED TEST: TC_03_Cancel_Payout  
00:04:28.097 [TestNG-tests-1] ERROR listeners.ExtentReportListener - ╚══════════════════════════════════════════════════════════╝
00:04:28.097 [TestNG-tests-1] ERROR listeners.ExtentReportListener - 
========== API REQUEST ==========
Method  : POST
URI     : https://api.stripe.com/v1/payouts/po_1TyFpdCZEKU5HqHFj5v2tnJ5/cancel
Headers :
Authorization=Bearer
Stripe-Account=acct_1To8cTCZEKU5HqHF
Accept=*/*
Content-Type=application/x-www-form-urlencoded; charset=ISO-8859-1
========== API RESPONSE ==========
Status  : 400
Headers :
Server=nginx
Date=Tue, 28 Jul 2026 18:34:27 GMT
Content-Type=application/json
Content-Length=251
Connection=keep-alive
Access-Control-Allow-Credentials=true
Access-Control-Allow-Methods=GET, HEAD, PUT, PATCH, POST, DELETE
Access-Control-Allow-Origin=*
Access-Control-Expose-Headers=Request-Id, Stripe-Manage-Version, Stripe-Should-Retry, X-Stripe-External-Auth-Required, X-Stripe-Privileged-Session-Required
Access-Control-Max-Age=300
Cache-Control=no-cache, no-store
Content-Security-Policy=base-uri 'none'; default-src 'none'; form-action 'none'; frame-ancestors 'none'; img-src 'self'; script-src 'self' 'report-sample'; style-src 'self'; worker-src 'none'; upgrade-insecure-requests; report-uri https://q.stripe.com/csp-violation?q=gAXa-6yFYvbxUlJsKjKmbCkQXuPaSKQGjOsK8jnjAsu5m6CjYvVoK6Np0HrVoZBg8ZB5jfwluD3qJ0fe; report-to csp
Idempotency-Key=07f70a87-c51d-4cec-92d2-105f67ac8ebb
Original-Request=req_dXg3BzT0hYSLR9
Report-To={"group":"csp","max_age":8640,"endpoints":[{"url":"https://q.stripe.com/csp-report-v2?q=gAXa-6yFYvbxUlJsKjKmbCkQXuPaSKQGjOsK8jnjAsu5m6CjYvVoK6Np0HrVoZBg8ZB5jfwluD3qJ0fe&t=1"}],"include_subdomains":true}
Reporting-Endpoints=csp="https://q.stripe.com/csp-report-v2?q=gAXa-6yFYvbxUlJsKjKmbCkQXuPaSKQGjOsK8jnjAsu5m6CjYvVoK6Np0HrVoZBg8ZB5jfwluD3qJ0fe&t=1"
Request-Id=req_dXg3BzT0hYSLR9
Stripe-Account=acct_1To8cTCZEKU5HqHF
Stripe-Should-Retry=false
Stripe-Version=2026-03-25.dahlia
Vary=Origin
X-Stripe-Priority-Routing-Enabled=true
X-Stripe-Routing-Context-Priority-Tier=api-testmode
X-Wc=3c3
Strict-Transport-Security=max-age=63072000; includeSubDomains; preload
Body    :
{
    "error": {
        "message": "Payouts can only be canceled while they are pending.",
        "request_log_url": "https://dashboard.stripe.com/acct_1TLnXWCawgxS6rsg/test/workbench/logs?object=req_dXg3BzT0hYSLR9",
        "type": "invalid_request_error"
    }
}
==================================
00:04:28.097 [TestNG-tests-1] ERROR listeners.ExtentReportListener - ╔══════════════════════════════════════════════════════════╗
00:04:28.097 [TestNG-tests-1] ERROR listeners.ExtentReportListener - ║  END OF REQUEST/RESPONSE LOG                             ║
00:04:28.097 [TestNG-tests-1] ERROR listeners.ExtentReportListener - ╚══════════════════════════════════════════════════════════╝
00:04:28.097 [TestNG-tests-1] INFO  tests.PayoutsTest - ▶ Running: [TC_04_CreatePayout_NegativeAmount] | Groups: [payout, negative, regression]
00:04:28.097 [TestNG-tests-1] INFO  tests.PayoutsTest - Thread=TestNG-tests-1 | Class=PayoutsTest | Test=TC_04_CreatePayout_NegativeAmount
00:04:28.097 [TestNG-tests-1] INFO  tests.PayoutsTest - Testing create payout with negative amount
00:04:28.656 [TestNG-tests-4] INFO  tests.SetupIntentTests - Canceling SetupIntent ID: seti_1TyFpZCawgxS6rsgeV2EfMKE
00:04:28.656 [TestNG-tests-1] INFO  tests.PayoutsTest - Successfully verified negative amount validation
00:04:28.657 [TestNG-tests-1] INFO  tests.PayoutsTest - ▶ Running: [TC_05_CreatePayout_ZeroAmount] | Groups: [payout, negative, regression]
00:04:28.657 [TestNG-tests-1] INFO  tests.PayoutsTest - Thread=TestNG-tests-1 | Class=PayoutsTest | Test=TC_05_CreatePayout_ZeroAmount
00:04:28.657 [TestNG-tests-1] INFO  tests.PayoutsTest - Testing create payout with zero amount
00:04:28.889 [TestNG-tests-2] INFO  tests.AccountTests - Created fallback account to close ID: acct_1TyFpZCawgkFeHT0
00:04:28.889 [TestNG-tests-2] INFO  tests.AccountTests - Closing account ID: acct_1TyFpZCawgkFeHT0
00:04:29.197 [TestNG-tests-1] INFO  tests.PayoutsTest - Successfully verified zero amount validation
00:04:29.198 [TestNG-tests-1] INFO  tests.PayoutsTest - ▶ Running: [TC_06_CreatePayout_InvalidCurrency] | Groups: [payout, negative, regression]
00:04:29.198 [TestNG-tests-1] INFO  tests.PayoutsTest - Thread=TestNG-tests-1 | Class=PayoutsTest | Test=TC_06_CreatePayout_InvalidCurrency
00:04:29.198 [TestNG-tests-1] INFO  tests.PayoutsTest - Testing create payout with invalid currency
00:04:29.228 [TestNG-tests-4] INFO  tests.SetupIntentTests - Deleting 0 customers
00:04:29.245 [TestNG-tests-4] INFO  tests.RadarTest - ▶ Running: [TC_01_Retrieve_EarlyFraudWarning] | Groups: [radar, regression, retrieve_list_fraud]
00:04:29.245 [TestNG-tests-4] INFO  tests.RadarTest - Thread=TestNG-tests-4 | Class=RadarTest | Test=TC_01_Retrieve_EarlyFraudWarning
00:04:29.245 [TestNG-tests-4] INFO  tests.RadarTest - Test running under groups: [radar, regression, retrieve_list_fraud]
00:04:29.592 [TestNG-tests-3] INFO  tests.InvoicesTest - POJO validation passed for paid invoice: in_1TyFpdCawgxS6rsg3YP6mqVS
00:04:29.592 [TestNG-tests-3] INFO  tests.InvoicesTest - Invoice in_1TyFpdCawgxS6rsg3YP6mqVS paid successfully.
00:04:29.592 [TestNG-tests-3] INFO  tests.InvoicesTest - ▶ Running: [TC_04_Retrieve_Invoice] | Groups: [invoice, regression, retrieve_invoice, sanity]
00:04:29.592 [TestNG-tests-3] INFO  tests.InvoicesTest - Thread=TestNG-tests-3 | Class=InvoicesTest | Test=TC_04_Retrieve_Invoice
00:04:29.593 [TestNG-tests-3] INFO  tests.InvoicesTest - Test running under groups: [invoice, regression, retrieve_invoice, sanity]
00:04:29.747 [TestNG-tests-1] INFO  tests.PayoutsTest - Successfully verified invalid currency validation
00:04:29.748 [TestNG-tests-1] INFO  tests.PayoutsTest - ▶ Running: [TC_07_CreatePayout_MissingRequiredFields] | Groups: [payout, negative, regression]
00:04:29.748 [TestNG-tests-1] INFO  tests.PayoutsTest - Thread=TestNG-tests-1 | Class=PayoutsTest | Test=TC_07_CreatePayout_MissingRequiredFields
00:04:29.748 [TestNG-tests-1] INFO  tests.PayoutsTest - Running invalid payout payload case: Missing Amount
00:04:30.270 [TestNG-tests-1] INFO  tests.PayoutsTest - Successfully verified missing field validation for: Missing Amount
00:04:30.271 [TestNG-tests-1] INFO  tests.PayoutsTest - ▶ Running: [TC_07_CreatePayout_MissingRequiredFields] | Groups: [payout, negative, regression]
00:04:30.271 [TestNG-tests-1] INFO  tests.PayoutsTest - Thread=TestNG-tests-1 | Class=PayoutsTest | Test=TC_07_CreatePayout_MissingRequiredFields
00:04:30.271 [TestNG-tests-1] INFO  tests.PayoutsTest - Running invalid payout payload case: Missing Currency
00:04:30.802 [TestNG-tests-1] INFO  tests.PayoutsTest - Successfully verified missing field validation for: Missing Currency
00:04:30.803 [TestNG-tests-1] INFO  tests.PayoutsTest - ▶ Running: [TC_08_CreatePayout_InvalidAuth] | Groups: [payout, negative, auth, regression]
00:04:30.803 [TestNG-tests-1] INFO  tests.PayoutsTest - Thread=TestNG-tests-1 | Class=PayoutsTest | Test=TC_08_CreatePayout_InvalidAuth
00:04:30.803 [TestNG-tests-1] INFO  tests.PayoutsTest - Testing create payout with invalid auth key
00:04:31.135 [TestNG-tests-3] INFO  tests.InvoicesTest - Created fallback draft invoice for retrieval: in_1TyFpiCawgxS6rsgZqxXXjF7
00:04:31.135 [TestNG-tests-1] INFO  tests.PayoutsTest - Successfully verified unauthorized response for invalid auth
00:04:31.135 [TestNG-tests-3] INFO  tests.InvoicesTest - Retrieving invoice: in_1TyFpiCawgxS6rsgZqxXXjF7
00:04:31.135 [TestNG-tests-1] INFO  tests.PayoutsTest - ▶ Running: [TC_09_CreatePayout_MissingAuth] | Groups: [payout, negative, auth, regression]
00:04:31.135 [TestNG-tests-1] INFO  tests.PayoutsTest - Thread=TestNG-tests-1 | Class=PayoutsTest | Test=TC_09_CreatePayout_MissingAuth
00:04:31.135 [TestNG-tests-1] INFO  tests.PayoutsTest - Testing create payout with missing auth key
00:04:31.275 [TestNG-tests-4] INFO  tests.RadarTest - Created fallback early fraud warning ID --> issfr_1TyFphCawgxS6rsgpFT4p2xM
00:04:31.463 [TestNG-tests-1] INFO  tests.PayoutsTest - Successfully verified unauthorized response for missing auth
00:04:31.463 [TestNG-tests-1] INFO  tests.PayoutsTest - ▶ Running: [TC_10_RetrievePayout_InvalidId] | Groups: [payout, negative, regression]
00:04:31.463 [TestNG-tests-1] INFO  tests.PayoutsTest - Thread=TestNG-tests-1 | Class=PayoutsTest | Test=TC_10_RetrievePayout_InvalidId
00:04:31.463 [TestNG-tests-1] INFO  tests.PayoutsTest - Running invalid payout ID case: Invalid prefix ID for ID: po_invalid_id_12345
00:04:31.766 [TestNG-tests-3] INFO  tests.InvoicesTest - POJO validation passed for retrieved invoice: in_1TyFpiCawgxS6rsgZqxXXjF7
00:04:31.766 [TestNG-tests-3] INFO  tests.InvoicesTest - Invoice in_1TyFpiCawgxS6rsgZqxXXjF7 retrieved successfully.
00:04:31.766 [TestNG-tests-3] INFO  tests.InvoicesTest - ▶ Running: [TC_05_Update_Invoice_Description] | Groups: [invoice, regression, update_invoice]
00:04:31.767 [TestNG-tests-3] INFO  tests.InvoicesTest - Thread=TestNG-tests-3 | Class=InvoicesTest | Test=TC_05_Update_Invoice_Description
00:04:31.767 [TestNG-tests-3] INFO  tests.InvoicesTest - Test running under groups: [invoice, regression, update_invoice]
00:04:31.803 [TestNG-tests-4] INFO  tests.RadarTest - POJO validation passed for radar early fraud warning: issfr_1TyFphCawgxS6rsgpFT4p2xM
00:04:31.803 [TestNG-tests-4] INFO  tests.RadarTest - Successfully retrieved early fraud warning ID: issfr_1TyFphCawgxS6rsgpFT4p2xM
00:04:31.804 [TestNG-tests-4] INFO  tests.RadarTest - ▶ Running: [TC_02_List_EarlyFraudWarnings] | Groups: [radar, regression, retrieve_list_fraud, smoke, sanity]
00:04:31.804 [TestNG-tests-4] INFO  tests.RadarTest - Thread=TestNG-tests-4 | Class=RadarTest | Test=TC_02_List_EarlyFraudWarnings
00:04:31.804 [TestNG-tests-4] INFO  tests.RadarTest - Test running under groups: [radar, regression, retrieve_list_fraud, smoke, sanity]
00:04:31.979 [TestNG-tests-1] INFO  tests.PayoutsTest - Successfully verified invalid payout ID retrieval failure: No such payout
00:04:31.979 [TestNG-tests-1] INFO  tests.PayoutsTest - ▶ Running: [TC_10_RetrievePayout_InvalidId] | Groups: [payout, negative, regression]
00:04:31.979 [TestNG-tests-1] INFO  tests.PayoutsTest - Thread=TestNG-tests-1 | Class=PayoutsTest | Test=TC_10_RetrievePayout_InvalidId
00:04:31.979 [TestNG-tests-1] INFO  tests.PayoutsTest - Running invalid payout ID case: Garbage ID for ID: garbage_not_a_payout
00:04:32.457 [TestNG-tests-4] INFO  tests.RadarTest - Successfully listed early fraud warnings
00:04:32.457 [TestNG-tests-4] INFO  tests.RadarTest - ▶ Running: [TC_03_RetrieveEarlyFraudWarning_InvalidId] | Groups: [radar, negative, regression]
00:04:32.458 [TestNG-tests-4] INFO  tests.RadarTest - Thread=TestNG-tests-4 | Class=RadarTest | Test=TC_03_RetrieveEarlyFraudWarning_InvalidId
00:04:32.458 [TestNG-tests-4] INFO  tests.RadarTest - Running retrieve early fraud warning invalid case: Invalid prefix ID for warning ID: issfw_invalid_id_12345
00:04:32.525 [TestNG-tests-2] INFO  tests.AccountTests - Successfully closed account
00:04:32.527 [TestNG-tests-2] INFO  tests.AccountTests - ▶ Running: [TC_23_CloseAccount_InvalidId] | Groups: [accounts, negative, regression]
00:04:32.527 [TestNG-tests-2] INFO  tests.AccountTests - Thread=TestNG-tests-2 | Class=AccountTests | Test=TC_23_CloseAccount_InvalidId
00:04:32.527 [TestNG-tests-2] INFO  tests.AccountTests - Testing close account with invalid ID
00:04:32.530 [TestNG-tests-1] INFO  tests.PayoutsTest - Successfully verified invalid payout ID retrieval failure: No such payout
00:04:32.530 [TestNG-tests-1] INFO  tests.PayoutsTest - ▶ Running: [TC_10_RetrievePayout_InvalidId] | Groups: [payout, negative, regression]
00:04:32.530 [TestNG-tests-1] INFO  tests.PayoutsTest - Thread=TestNG-tests-1 | Class=PayoutsTest | Test=TC_10_RetrievePayout_InvalidId
00:04:32.530 [TestNG-tests-1] INFO  tests.PayoutsTest - Running invalid payout ID case: Truncated prefix for ID: po_
00:04:33.023 [TestNG-tests-4] INFO  tests.RadarTest - Successfully verified not_found response with message containing 'No such radar.early_fraud_warning:'
00:04:33.024 [TestNG-tests-4] INFO  tests.RadarTest - ▶ Running: [TC_03_RetrieveEarlyFraudWarning_InvalidId] | Groups: [radar, negative, regression]
00:04:33.024 [TestNG-tests-4] INFO  tests.RadarTest - Thread=TestNG-tests-4 | Class=RadarTest | Test=TC_03_RetrieveEarlyFraudWarning_InvalidId
00:04:33.024 [TestNG-tests-4] INFO  tests.RadarTest - Running retrieve early fraud warning invalid case: Garbage ID for warning ID: garbage_not_a_warning
00:04:33.077 [TestNG-tests-1] INFO  tests.PayoutsTest - Successfully verified invalid payout ID retrieval failure: No such payout
00:04:33.078 [TestNG-tests-1] INFO  tests.PayoutsTest - ▶ Running: [TC_11_RetrievePayout_InvalidAuth] | Groups: [payout, negative, auth, regression]
00:04:33.078 [TestNG-tests-1] INFO  tests.PayoutsTest - Thread=TestNG-tests-1 | Class=PayoutsTest | Test=TC_11_RetrievePayout_InvalidAuth
00:04:33.078 [TestNG-tests-1] INFO  tests.PayoutsTest - Testing retrieve payout with invalid auth key
00:04:33.143 [TestNG-tests-2] INFO  tests.AccountTests - Successfully verified close invalid ID rejection
00:04:33.145 [TestNG-tests-2] INFO  tests.AccountTests - ▶ Running: [TC_24_CloseAccount_AlreadyClosed] | Groups: [accounts, negative, regression]
00:04:33.145 [TestNG-tests-2] INFO  tests.AccountTests - Thread=TestNG-tests-2 | Class=AccountTests | Test=TC_24_CloseAccount_AlreadyClosed
00:04:33.145 [TestNG-tests-2] INFO  tests.AccountTests - Testing close already closed account
00:04:33.251 [TestNG-tests-3] INFO  tests.InvoicesTest - Created draft invoice to update: in_1TyFpkCawgxS6rsgfow8KWmD
00:04:33.251 [TestNG-tests-3] INFO  tests.InvoicesTest - Updating invoice: in_1TyFpkCawgxS6rsgfow8KWmD
00:04:33.406 [TestNG-tests-1] INFO  tests.PayoutsTest - Successfully verified unauthorized response for retrieve payout invalid auth
00:04:33.406 [TestNG-tests-1] INFO  tests.PayoutsTest - ▶ Running: [TC_12_RetrievePayout_MissingAuth] | Groups: [payout, negative, auth, regression]
00:04:33.406 [TestNG-tests-1] INFO  tests.PayoutsTest - Thread=TestNG-tests-1 | Class=PayoutsTest | Test=TC_12_RetrievePayout_MissingAuth
00:04:33.406 [TestNG-tests-1] INFO  tests.PayoutsTest - Testing retrieve payout with missing auth key
00:04:33.561 [TestNG-tests-4] INFO  tests.RadarTest - Successfully verified not_found response with message containing 'No such radar.early_fraud_warning:'
00:04:33.561 [TestNG-tests-4] INFO  tests.RadarTest - ▶ Running: [TC_03_RetrieveEarlyFraudWarning_InvalidId] | Groups: [radar, negative, regression]
00:04:33.561 [TestNG-tests-4] INFO  tests.RadarTest - Thread=TestNG-tests-4 | Class=RadarTest | Test=TC_03_RetrieveEarlyFraudWarning_InvalidId
00:04:33.561 [TestNG-tests-4] INFO  tests.RadarTest - Running retrieve early fraud warning invalid case: Truncated prefix for warning ID: issfw_
00:04:33.733 [TestNG-tests-1] INFO  tests.PayoutsTest - Successfully verified unauthorized response for retrieve payout missing auth
00:04:33.733 [TestNG-tests-1] INFO  tests.PayoutsTest - ▶ Running: [TC_13_CancelPayout_InvalidId] | Groups: [payout, negative, regression]
00:04:33.733 [TestNG-tests-1] INFO  tests.PayoutsTest - Thread=TestNG-tests-1 | Class=PayoutsTest | Test=TC_13_CancelPayout_InvalidId
00:04:33.733 [TestNG-tests-1] INFO  tests.PayoutsTest - Testing cancel payout with invalid ID
00:04:33.954 [TestNG-tests-3] INFO  tests.InvoicesTest - Invoice in_1TyFpkCawgxS6rsgfow8KWmD description updated successfully.
00:04:33.954 [TestNG-tests-3] INFO  tests.InvoicesTest - ▶ Running: [TC_06_Void_Invoice] | Groups: [invoice, regression, void_invoice]
00:04:33.954 [TestNG-tests-3] INFO  tests.InvoicesTest - Thread=TestNG-tests-3 | Class=InvoicesTest | Test=TC_06_Void_Invoice
00:04:33.955 [TestNG-tests-3] INFO  tests.InvoicesTest - Test running under groups: [invoice, regression, void_invoice]
00:04:34.109 [TestNG-tests-4] INFO  tests.RadarTest - Successfully verified not_found response with message containing 'No such radar.early_fraud_warning:'
00:04:34.110 [TestNG-tests-4] INFO  tests.RadarTest - ▶ Running: [TC_04_RetrieveEarlyFraudWarning_InvalidAuth] | Groups: [radar, negative, auth, regression]
00:04:34.110 [TestNG-tests-4] INFO  tests.RadarTest - Thread=TestNG-tests-4 | Class=RadarTest | Test=TC_04_RetrieveEarlyFraudWarning_InvalidAuth
00:04:34.110 [TestNG-tests-4] INFO  tests.RadarTest - Test running under groups: [radar, negative, auth, regression]
00:04:34.289 [TestNG-tests-1] INFO  tests.PayoutsTest - Successfully verified cancel payout invalid ID failure
00:04:34.290 [TestNG-tests-1] INFO  tests.PayoutsTest - ▶ Running: [TC_14_CancelPayout_InvalidAuth] | Groups: [payout, negative, auth, regression]
00:04:34.290 [TestNG-tests-1] INFO  tests.PayoutsTest - Thread=TestNG-tests-1 | Class=PayoutsTest | Test=TC_14_CancelPayout_InvalidAuth
00:04:34.290 [TestNG-tests-1] INFO  tests.PayoutsTest - Testing cancel payout with invalid auth key
00:04:34.439 [TestNG-tests-4] INFO  tests.RadarTest - Successfully verified unauthorized response for invalid auth
00:04:34.439 [TestNG-tests-4] INFO  tests.RadarTest - ▶ Running: [TC_05_RetrieveEarlyFraudWarning_MissingAuth] | Groups: [radar, negative, auth, regression]
00:04:34.439 [TestNG-tests-4] INFO  tests.RadarTest - Thread=TestNG-tests-4 | Class=RadarTest | Test=TC_05_RetrieveEarlyFraudWarning_MissingAuth
00:04:34.439 [TestNG-tests-4] INFO  tests.RadarTest - Test running under groups: [radar, negative, auth, regression]
00:04:34.610 [TestNG-tests-1] INFO  tests.PayoutsTest - Successfully verified unauthorized response for cancel payout invalid auth
00:04:34.611 [TestNG-tests-1] INFO  tests.PayoutsTest - ▶ Running: [TC_15_CancelPayout_MissingAuth] | Groups: [payout, negative, auth, regression]
00:04:34.611 [TestNG-tests-1] INFO  tests.PayoutsTest - Thread=TestNG-tests-1 | Class=PayoutsTest | Test=TC_15_CancelPayout_MissingAuth
00:04:34.611 [TestNG-tests-1] INFO  tests.PayoutsTest - Testing cancel payout with missing auth key
00:04:34.762 [TestNG-tests-4] INFO  tests.RadarTest - Successfully verified unauthorized response for missing auth
00:04:34.762 [TestNG-tests-4] INFO  tests.RadarTest - 🧹 Starting cleanup for RadarTest...
00:04:34.762 [TestNG-tests-4] INFO  tests.RadarTest -  1 fallback early fraud warning(s) were created during the test run (cannot be deleted via API):
00:04:34.762 [TestNG-tests-4] INFO  tests.RadarTest -    - Early Fraud Warning ID: issfr_1TyFphCawgxS6rsgpFT4p2xM
00:04:34.762 [TestNG-tests-4] INFO  tests.RadarTest - ✅ Cleanup complete for RadarTest.
00:04:34.787 [TestNG-tests-4] INFO  tests.DisputesTest - ▶ Running: [TC_04_List_Disputes] | Groups: [dispute, regression, smoke]
00:04:34.787 [TestNG-tests-4] INFO  tests.DisputesTest - Thread=TestNG-tests-4 | Class=DisputesTest | Test=TC_04_List_Disputes
00:04:34.787 [TestNG-tests-4] INFO  tests.DisputesTest - Test running under groups: [dispute, regression, smoke]
00:04:34.925 [TestNG-tests-1] INFO  tests.PayoutsTest - Successfully verified unauthorized response for cancel payout missing auth
00:04:34.927 [TestNG-tests-1] INFO  tests.PayoutsTest - Running cleanup for PayoutsTest
00:04:34.927 [TestNG-tests-1] INFO  tests.PayoutsTest - Cancelling 0 fallback payout(s)
00:04:35.450 [TestNG-tests-4] INFO  tests.DisputesTest - Successfully listed disputes
00:04:35.451 [TestNG-tests-4] INFO  tests.DisputesTest - ▶ Running: [TC_05_RetrieveDispute_InvalidId] | Groups: [dispute, negative, regression]
00:04:35.451 [TestNG-tests-4] INFO  tests.DisputesTest - Thread=TestNG-tests-4 | Class=DisputesTest | Test=TC_05_RetrieveDispute_InvalidId
00:04:35.451 [TestNG-tests-4] INFO  tests.DisputesTest - Running retrieve dispute invalid case: Invalid prefix ID for dispute ID: dp_invalid_id_12345
00:04:35.997 [TestNG-tests-4] INFO  tests.DisputesTest - Successfully verified retrieve dispute invalid ID failure: No such dispute
00:04:35.997 [TestNG-tests-4] INFO  tests.DisputesTest - ▶ Running: [TC_05_RetrieveDispute_InvalidId] | Groups: [dispute, negative, regression]
00:04:35.997 [TestNG-tests-4] INFO  tests.DisputesTest - Thread=TestNG-tests-4 | Class=DisputesTest | Test=TC_05_RetrieveDispute_InvalidId
00:04:35.997 [TestNG-tests-4] INFO  tests.DisputesTest - Running retrieve dispute invalid case: Garbage ID for dispute ID: garbage_not_a_dispute
00:04:36.614 [TestNG-tests-4] INFO  tests.DisputesTest - Successfully verified retrieve dispute invalid ID failure: No such dispute
00:04:36.614 [TestNG-tests-4] INFO  tests.DisputesTest - ▶ Running: [TC_05_RetrieveDispute_InvalidId] | Groups: [dispute, negative, regression]
00:04:36.614 [TestNG-tests-4] INFO  tests.DisputesTest - Thread=TestNG-tests-4 | Class=DisputesTest | Test=TC_05_RetrieveDispute_InvalidId
00:04:36.614 [TestNG-tests-4] INFO  tests.DisputesTest - Running retrieve dispute invalid case: Truncated prefix for dispute ID: dp_
00:04:37.167 [TestNG-tests-4] INFO  tests.DisputesTest - Successfully verified retrieve dispute invalid ID failure: No such dispute
00:04:37.168 [TestNG-tests-4] INFO  tests.DisputesTest - ▶ Running: [TC_06_RetrieveDispute_InvalidAuth] | Groups: [dispute, negative, auth, regression]
00:04:37.168 [TestNG-tests-4] INFO  tests.DisputesTest - Thread=TestNG-tests-4 | Class=DisputesTest | Test=TC_06_RetrieveDispute_InvalidAuth
00:04:37.168 [TestNG-tests-4] INFO  tests.DisputesTest - Test running under groups: [dispute, negative, auth, regression]
00:04:37.202 [TestNG-tests-3] INFO  tests.InvoicesTest - Created open invoice to void: in_1TyFpmCawgxS6rsg7UeuiICQ
00:04:37.202 [TestNG-tests-3] INFO  tests.InvoicesTest - Voiding invoice: in_1TyFpmCawgxS6rsg7UeuiICQ
00:04:37.487 [TestNG-tests-4] INFO  tests.DisputesTest - Successfully verified unauthorized response for retrieve dispute invalid auth
00:04:37.488 [TestNG-tests-4] INFO  tests.DisputesTest - ▶ Running: [TC_07_RetrieveDispute_MissingAuth] | Groups: [dispute, negative, auth, regression]
00:04:37.488 [TestNG-tests-4] INFO  tests.DisputesTest - Thread=TestNG-tests-4 | Class=DisputesTest | Test=TC_07_RetrieveDispute_MissingAuth
00:04:37.488 [TestNG-tests-4] INFO  tests.DisputesTest - Test running under groups: [dispute, negative, auth, regression]
00:04:37.814 [TestNG-tests-4] INFO  tests.DisputesTest - Successfully verified unauthorized response for retrieve dispute missing auth
00:04:37.814 [TestNG-tests-4] INFO  tests.DisputesTest - ▶ Running: [TC_08_UpdateDispute_InvalidId] | Groups: [dispute, negative, regression]
00:04:37.815 [TestNG-tests-4] INFO  tests.DisputesTest - Thread=TestNG-tests-4 | Class=DisputesTest | Test=TC_08_UpdateDispute_InvalidId
00:04:37.815 [TestNG-tests-4] INFO  tests.DisputesTest - Test running under groups: [dispute, negative, regression]
00:04:38.016 [TestNG-tests-3] INFO  tests.InvoicesTest - POJO validation passed for voided invoice: in_1TyFpmCawgxS6rsg7UeuiICQ
00:04:38.016 [TestNG-tests-3] INFO  tests.InvoicesTest - Invoice in_1TyFpmCawgxS6rsg7UeuiICQ voided successfully.
00:04:38.017 [TestNG-tests-3] INFO  tests.InvoicesTest - ▶ Running: [TC_07_Mark_Invoice_Uncollectible] | Groups: [invoice, regression, mark_uncollectible_invoice]
00:04:38.017 [TestNG-tests-3] INFO  tests.InvoicesTest - Thread=TestNG-tests-3 | Class=InvoicesTest | Test=TC_07_Mark_Invoice_Uncollectible
00:04:38.017 [TestNG-tests-3] INFO  tests.InvoicesTest - Test running under groups: [invoice, regression, mark_uncollectible_invoice]
00:04:38.349 [TestNG-tests-4] INFO  tests.DisputesTest - Successfully verified update dispute invalid ID failure
00:04:38.350 [TestNG-tests-4] INFO  tests.DisputesTest - ▶ Running: [TC_09_UpdateDispute_InvalidAuth] | Groups: [dispute, negative, auth, regression]
00:04:38.350 [TestNG-tests-4] INFO  tests.DisputesTest - Thread=TestNG-tests-4 | Class=DisputesTest | Test=TC_09_UpdateDispute_InvalidAuth
00:04:38.350 [TestNG-tests-4] INFO  tests.DisputesTest - Test running under groups: [dispute, negative, auth, regression]
00:04:38.636 [TestNG-tests-4] INFO  tests.DisputesTest - Successfully verified unauthorized response for update dispute invalid auth
00:04:38.636 [TestNG-tests-4] INFO  tests.DisputesTest - ▶ Running: [TC_10_UpdateDispute_MissingAuth] | Groups: [dispute, negative, auth, regression]
00:04:38.636 [TestNG-tests-4] INFO  tests.DisputesTest - Thread=TestNG-tests-4 | Class=DisputesTest | Test=TC_10_UpdateDispute_MissingAuth
00:04:38.636 [TestNG-tests-4] INFO  tests.DisputesTest - Test running under groups: [dispute, negative, auth, regression]
00:04:38.921 [TestNG-tests-4] INFO  tests.DisputesTest - Successfully verified unauthorized response for update dispute missing auth
00:04:38.923 [TestNG-tests-4] INFO  tests.DisputesTest - ▶ Running: [TC_11_CloseDispute_InvalidId] | Groups: [dispute, negative, regression]
00:04:38.923 [TestNG-tests-4] INFO  tests.DisputesTest - Thread=TestNG-tests-4 | Class=DisputesTest | Test=TC_11_CloseDispute_InvalidId
00:04:38.923 [TestNG-tests-4] INFO  tests.DisputesTest - Test running under groups: [dispute, negative, regression]
00:04:39.440 [TestNG-tests-4] INFO  tests.DisputesTest - Successfully verified close dispute invalid ID failure
00:04:39.440 [TestNG-tests-4] INFO  tests.DisputesTest - ▶ Running: [TC_12_CloseDispute_InvalidAuth] | Groups: [dispute, negative, auth, regression]
00:04:39.440 [TestNG-tests-4] INFO  tests.DisputesTest - Thread=TestNG-tests-4 | Class=DisputesTest | Test=TC_12_CloseDispute_InvalidAuth
00:04:39.441 [TestNG-tests-4] INFO  tests.DisputesTest - Test running under groups: [dispute, negative, auth, regression]
00:04:39.729 [TestNG-tests-4] INFO  tests.DisputesTest - Successfully verified unauthorized response for close dispute invalid auth
00:04:39.729 [TestNG-tests-4] INFO  tests.DisputesTest - ▶ Running: [TC_13_CloseDispute_MissingAuth] | Groups: [dispute, negative, auth, regression]
00:04:39.729 [TestNG-tests-4] INFO  tests.DisputesTest - Thread=TestNG-tests-4 | Class=DisputesTest | Test=TC_13_CloseDispute_MissingAuth
00:04:39.730 [TestNG-tests-4] INFO  tests.DisputesTest - Test running under groups: [dispute, negative, auth, regression]
00:04:40.033 [TestNG-tests-4] INFO  tests.DisputesTest - Successfully verified unauthorized response for close dispute missing auth
00:04:40.033 [TestNG-tests-4] INFO  tests.DisputesTest - ▶ Running: [TC_00_Create_Dispute] | Groups: [dispute, regression, dispute_e2e]
00:04:40.033 [TestNG-tests-4] INFO  tests.DisputesTest - Thread=TestNG-tests-4 | Class=DisputesTest | Test=TC_00_Create_Dispute
00:04:40.033 [TestNG-tests-4] INFO  tests.DisputesTest - Test running under groups: [dispute, regression, dispute_e2e]
00:04:40.033 [TestNG-tests-4] INFO  tests.DisputesTest - Creating a dispute via payment intent with tok_createDispute
00:04:41.316 [TestNG-tests-2] INFO  tests.AccountTests - Created account ID: acct_1TyFplCawgnnDVar
00:04:41.316 [TestNG-tests-2] INFO  tests.AccountTests - Performing first close on ID: acct_1TyFplCawgnnDVar
00:04:41.348 [TestNG-tests-3] INFO  tests.InvoicesTest - Created open invoice to mark uncollectible: in_1TyFpqCawgxS6rsgYcpPicLC
00:04:41.348 [TestNG-tests-3] INFO  tests.InvoicesTest - Marking invoice in_1TyFpqCawgxS6rsgYcpPicLC as uncollectible
00:04:42.080 [TestNG-tests-3] INFO  tests.InvoicesTest - POJO validation passed for uncollectible invoice: in_1TyFpqCawgxS6rsgYcpPicLC
00:04:42.080 [TestNG-tests-3] INFO  tests.InvoicesTest - Invoice in_1TyFpqCawgxS6rsgYcpPicLC marked uncollectible.
00:04:42.081 [TestNG-tests-3] INFO  tests.InvoicesTest - ▶ Running: [TC_08_Delete_Draft_Invoice] | Groups: [invoice, regression, delete_invoice]
00:04:42.081 [TestNG-tests-3] INFO  tests.InvoicesTest - Thread=TestNG-tests-3 | Class=InvoicesTest | Test=TC_08_Delete_Draft_Invoice
00:04:42.081 [TestNG-tests-3] INFO  tests.InvoicesTest - Test running under groups: [invoice, regression, delete_invoice]
00:04:42.927 [TestNG-tests-4] INFO  tests.DisputesTest - Created dispute ID: du_1TyFpsCawgxS6rsgAdM4u00S
00:04:42.928 [TestNG-tests-4] INFO  tests.DisputesTest - ▶ Running: [TC_02_Update_Dispute_Evidence] | Groups: [dispute, regression, dispute_e2e]
00:04:42.928 [TestNG-tests-4] INFO  tests.DisputesTest - Thread=TestNG-tests-4 | Class=DisputesTest | Test=TC_02_Update_Dispute_Evidence
00:04:42.928 [TestNG-tests-4] INFO  tests.DisputesTest - Test running under groups: [dispute, regression, dispute_e2e]
00:04:42.928 [TestNG-tests-4] INFO  tests.DisputesTest - Fetched dispute ID from context --> du_1TyFpsCawgxS6rsgAdM4u00S
00:04:42.928 [TestNG-tests-4] INFO  tests.DisputesTest - Updating dispute evidence for ID: du_1TyFpsCawgxS6rsgAdM4u00S
00:04:43.570 [TestNG-tests-3] INFO  tests.InvoicesTest - Created draft invoice to delete: in_1TyFpuCawgxS6rsg7GcvD0t2
00:04:43.570 [TestNG-tests-3] INFO  tests.InvoicesTest - Deleting draft invoice: in_1TyFpuCawgxS6rsg7GcvD0t2
00:04:43.766 [TestNG-tests-4] INFO  tests.DisputesTest - Successfully updated dispute evidence for ID: du_1TyFpsCawgxS6rsgAdM4u00S
00:04:43.766 [TestNG-tests-4] INFO  tests.DisputesTest - ▶ Running: [TC_01_Retrieve_Dispute] | Groups: [dispute, regression, dispute_e2e]
00:04:43.766 [TestNG-tests-4] INFO  tests.DisputesTest - Thread=TestNG-tests-4 | Class=DisputesTest | Test=TC_01_Retrieve_Dispute
00:04:43.766 [TestNG-tests-4] INFO  tests.DisputesTest - Test running under groups: [dispute, regression, dispute_e2e]
00:04:43.766 [TestNG-tests-4] INFO  tests.DisputesTest - Fetched dispute ID from context --> du_1TyFpsCawgxS6rsgAdM4u00S
00:04:44.237 [TestNG-tests-3] INFO  tests.InvoicesTest - Draft invoice in_1TyFpuCawgxS6rsg7GcvD0t2 deleted successfully.
00:04:44.237 [TestNG-tests-3] INFO  tests.InvoicesTest - ▶ Running: [TC_09_Send_Invoice] | Groups: [invoice, regression, send_invoice]
00:04:44.237 [TestNG-tests-3] INFO  tests.InvoicesTest - Thread=TestNG-tests-3 | Class=InvoicesTest | Test=TC_09_Send_Invoice
00:04:44.238 [TestNG-tests-3] INFO  tests.InvoicesTest - Test running under groups: [invoice, regression, send_invoice]
00:04:45.030 [TestNG-tests-2] INFO  tests.AccountTests - First close succeeded
00:04:45.030 [TestNG-tests-2] INFO  tests.AccountTests - Performing second close on ID: acct_1TyFplCawgnnDVar
00:04:45.360 [TestNG-tests-4] INFO  tests.DisputesTest - POJO validation passed for dispute: du_1TyFpsCawgxS6rsgAdM4u00S
00:04:45.360 [TestNG-tests-4] INFO  tests.DisputesTest - Successfully retrieved dispute ID: du_1TyFpsCawgxS6rsgAdM4u00S
00:04:45.360 [TestNG-tests-4] INFO  tests.DisputesTest - ▶ Running: [TC_03_Close_Dispute] | Groups: [dispute, regression, dispute_e2e]
00:04:45.360 [TestNG-tests-4] INFO  tests.DisputesTest - Thread=TestNG-tests-4 | Class=DisputesTest | Test=TC_03_Close_Dispute
00:04:45.361 [TestNG-tests-4] INFO  tests.DisputesTest - Test running under groups: [dispute, regression, dispute_e2e]
00:04:45.588 [TestNG-tests-2] INFO  tests.AccountTests - Successfully verified double-close rejection
00:04:45.590 [TestNG-tests-2] INFO  tests.AccountTests - ▶ Running: [TC_25_RetrieveAccount_AfterClose] | Groups: [accounts, negative, regression]
00:04:45.590 [TestNG-tests-2] INFO  tests.AccountTests - Thread=TestNG-tests-2 | Class=AccountTests | Test=TC_25_RetrieveAccount_AfterClose
00:04:45.590 [TestNG-tests-2] INFO  tests.AccountTests - Testing retrieve account after closing
00:04:45.841 [TestNG-tests-3] INFO  tests.InvoicesTest - Created open invoice to send: in_1TyFpxCawgxS6rsgM2CjKnW8
00:04:45.841 [TestNG-tests-3] INFO  tests.InvoicesTest - Sending invoice: in_1TyFpxCawgxS6rsgM2CjKnW8
00:04:47.585 [TestNG-tests-3] INFO  tests.InvoicesTest - Invoice in_1TyFpxCawgxS6rsgM2CjKnW8 sent successfully.
00:04:47.586 [TestNG-tests-3] INFO  tests.InvoicesTest - ▶ Running: [TC_10_Create_Invoice_Invalid_Payloads] | Groups: [invoice, negative, regression]
00:04:47.586 [TestNG-tests-3] INFO  tests.InvoicesTest - Thread=TestNG-tests-3 | Class=InvoicesTest | Test=TC_10_Create_Invoice_Invalid_Payloads
00:04:47.586 [TestNG-tests-3] INFO  tests.InvoicesTest - Running invalid invoice creation case: Missing customer
00:04:48.220 [TestNG-tests-3] INFO  tests.InvoicesTest - Successfully verified bad request for: Missing customer
00:04:48.221 [TestNG-tests-3] INFO  tests.InvoicesTest - ▶ Running: [TC_10_Create_Invoice_Invalid_Payloads] | Groups: [invoice, negative, regression]
00:04:48.221 [TestNG-tests-3] INFO  tests.InvoicesTest - Thread=TestNG-tests-3 | Class=InvoicesTest | Test=TC_10_Create_Invoice_Invalid_Payloads
00:04:48.221 [TestNG-tests-3] INFO  tests.InvoicesTest - Running invalid invoice creation case: Invalid customer ID
00:04:48.470 [TestNG-tests-4] INFO  tests.DisputesTest - Created fresh dispute ID for closing --> du_1TyFpyCawgxS6rsg7qaomAjk
00:04:48.470 [TestNG-tests-4] INFO  tests.DisputesTest - Closing dispute with ID: du_1TyFpyCawgxS6rsg7qaomAjk
00:04:49.332 [TestNG-tests-3] INFO  tests.InvoicesTest - Successfully verified bad request for: Invalid customer ID
00:04:49.333 [TestNG-tests-3] INFO  tests.InvoicesTest - ▶ Running: [TC_11_Retrieve_Invoice_Invalid_Id] | Groups: [invoice, negative, regression]
00:04:49.333 [TestNG-tests-3] INFO  tests.InvoicesTest - Thread=TestNG-tests-3 | Class=InvoicesTest | Test=TC_11_Retrieve_Invoice_Invalid_Id
00:04:49.333 [TestNG-tests-3] INFO  tests.InvoicesTest - Running invalid retrieve case: Random string for ID: in_invalid_12345abc
00:04:49.353 [TestNG-tests-4] INFO  tests.DisputesTest - Successfully closed dispute with ID: du_1TyFpyCawgxS6rsg7qaomAjk
00:04:49.353 [TestNG-tests-4] INFO  tests.DisputesTest - 🧹 Starting cleanup for DisputesTest...
00:04:49.353 [TestNG-tests-4] INFO  tests.DisputesTest - ℹ️ 1 fallback dispute(s) were created during the test run (cannot be deleted via API):
00:04:49.353 [TestNG-tests-4] INFO  tests.DisputesTest -    - Dispute ID: du_1TyFpyCawgxS6rsg7qaomAjk
00:04:49.353 [TestNG-tests-4] INFO  tests.DisputesTest - ✅ Cleanup complete for DisputesTest.
00:04:49.884 [TestNG-tests-3] INFO  tests.InvoicesTest - Successfully verified not found for: Random string
00:04:49.885 [TestNG-tests-3] INFO  tests.InvoicesTest - ▶ Running: [TC_11_Retrieve_Invoice_Invalid_Id] | Groups: [invoice, negative, regression]
00:04:49.885 [TestNG-tests-3] INFO  tests.InvoicesTest - Thread=TestNG-tests-3 | Class=InvoicesTest | Test=TC_11_Retrieve_Invoice_Invalid_Id
00:04:49.885 [TestNG-tests-3] INFO  tests.InvoicesTest - Running invalid retrieve case: Wrong prefix for ID: ch_not_an_invoice
00:04:50.418 [TestNG-tests-3] INFO  tests.InvoicesTest - Successfully verified not found for: Wrong prefix
00:04:50.418 [TestNG-tests-3] INFO  tests.InvoicesTest - ▶ Running: [TC_11_Retrieve_Invoice_Invalid_Id] | Groups: [invoice, negative, regression]
00:04:50.418 [TestNG-tests-3] INFO  tests.InvoicesTest - Thread=TestNG-tests-3 | Class=InvoicesTest | Test=TC_11_Retrieve_Invoice_Invalid_Id
00:04:50.418 [TestNG-tests-3] INFO  tests.InvoicesTest - Running invalid retrieve case: Blank ID for ID:    
00:04:50.920 [TestNG-tests-3] INFO  tests.InvoicesTest - Successfully verified not found for: Blank ID
00:04:50.920 [TestNG-tests-3] INFO  tests.InvoicesTest - ▶ Running: [TC_12_Finalize_Already_Open_Invoice] | Groups: [invoice, negative, regression]
00:04:50.920 [TestNG-tests-3] INFO  tests.InvoicesTest - Thread=TestNG-tests-3 | Class=InvoicesTest | Test=TC_12_Finalize_Already_Open_Invoice
00:04:50.920 [TestNG-tests-3] INFO  tests.InvoicesTest - Testing finalize on an already-open invoice (should fail)
00:04:52.807 [TestNG-tests-2] INFO  tests.AccountTests - Created account ID: acct_1TyFpxCawgqqB76s
00:04:52.807 [TestNG-tests-2] INFO  tests.AccountTests - Closing account ID: acct_1TyFpxCawgqqB76s
00:04:53.864 [TestNG-tests-3] INFO  tests.InvoicesTest - Using open invoice: in_1TyFq3CawgxS6rsgr2BqQeCD
00:04:54.436 [TestNG-tests-3] INFO  tests.InvoicesTest - Correctly rejected finalize on already-open invoice.
00:04:54.436 [TestNG-tests-3] INFO  tests.InvoicesTest - ▶ Running: [TC_13_Void_Draft_Invoice_Fails] | Groups: [invoice, negative, regression]
00:04:54.436 [TestNG-tests-3] INFO  tests.InvoicesTest - Thread=TestNG-tests-3 | Class=InvoicesTest | Test=TC_13_Void_Draft_Invoice_Fails
00:04:54.437 [TestNG-tests-3] INFO  tests.InvoicesTest - Testing void on a draft invoice (should fail - only open invoices can be voided)
00:04:56.042 [TestNG-tests-3] INFO  tests.InvoicesTest - Using draft invoice: in_1TyFq7CawgxS6rsgphQih2Tk
00:04:56.619 [TestNG-tests-3] INFO  tests.InvoicesTest - Correctly rejected void on draft invoice.
00:04:56.620 [TestNG-tests-3] INFO  tests.InvoicesTest - ▶ Running: [TC_14_Delete_Open_Invoice_Fails] | Groups: [invoice, negative, regression]
00:04:56.620 [TestNG-tests-3] INFO  tests.InvoicesTest - Thread=TestNG-tests-3 | Class=InvoicesTest | Test=TC_14_Delete_Open_Invoice_Fails
00:04:56.620 [TestNG-tests-3] INFO  tests.InvoicesTest - Testing delete on an open invoice (only drafts can be deleted)
00:04:57.074 [TestNG-tests-2] INFO  tests.AccountTests - Account closed successfully
00:04:57.074 [TestNG-tests-2] INFO  tests.AccountTests - Retrieving closed account ID: acct_1TyFpxCawgqqB76s
00:04:57.605 [TestNG-tests-2] INFO  tests.AccountTests - Successfully verified retrieval behavior of closed account. Status code: 200
00:04:57.605 [TestNG-tests-2] INFO  tests.AccountTests - ▶ Running: [TC_26_CloseAccount_MissingAuth] | Groups: [accounts, auth, negative, regression]
00:04:57.605 [TestNG-tests-2] INFO  tests.AccountTests - Thread=TestNG-tests-2 | Class=AccountTests | Test=TC_26_CloseAccount_MissingAuth
00:04:57.605 [TestNG-tests-2] INFO  tests.AccountTests - Testing close account with missing auth
00:04:57.929 [TestNG-tests-2] INFO  tests.AccountTests - Successfully verified close missing auth rejection
00:04:57.929 [TestNG-tests-2] INFO  tests.AccountTests - ▶ Running: [TC_27_CloseAccount_InvalidAuth] | Groups: [accounts, auth, negative, regression]
00:04:57.929 [TestNG-tests-2] INFO  tests.AccountTests - Thread=TestNG-tests-2 | Class=AccountTests | Test=TC_27_CloseAccount_InvalidAuth
00:04:57.929 [TestNG-tests-2] INFO  tests.AccountTests - Testing close account with invalid auth
00:04:58.252 [TestNG-tests-2] INFO  tests.AccountTests - Successfully verified close invalid auth rejection
00:04:58.410 [TestNG-tests-2] INFO  tests.AccountTests - 🧹 Starting cleanup for AccountTests...
00:04:58.410 [TestNG-tests-2] INFO  tests.AccountTests - ℹ️ 14 fallback account(s) to close:
00:04:59.740 [TestNG-tests-3] INFO  tests.InvoicesTest - Using open invoice: in_1TyFq9CawgxS6rsg0aUCafYH
00:05:00.397 [TestNG-tests-3] INFO  tests.InvoicesTest - Correctly rejected delete on non-draft invoice.
00:05:00.398 [TestNG-tests-3] INFO  tests.InvoicesTest - ▶ Running: [TC_15_Create_Invoice_Invalid_Auth] | Groups: [invoice, negative, auth, regression]
00:05:00.398 [TestNG-tests-3] INFO  tests.InvoicesTest - Thread=TestNG-tests-3 | Class=InvoicesTest | Test=TC_15_Create_Invoice_Invalid_Auth
00:05:00.398 [TestNG-tests-3] INFO  tests.InvoicesTest - Testing create invoice with invalid auth key
00:05:00.714 [TestNG-tests-3] INFO  tests.InvoicesTest - Correctly rejected create invoice with invalid auth.
00:05:00.714 [TestNG-tests-3] INFO  tests.InvoicesTest - ▶ Running: [TC_16_Create_Invoice_Missing_Auth] | Groups: [invoice, negative, auth, regression]
00:05:00.714 [TestNG-tests-3] INFO  tests.InvoicesTest - Thread=TestNG-tests-3 | Class=InvoicesTest | Test=TC_16_Create_Invoice_Missing_Auth
00:05:00.714 [TestNG-tests-3] INFO  tests.InvoicesTest - Testing create invoice with missing auth key
00:05:01.036 [TestNG-tests-3] INFO  tests.InvoicesTest - Correctly rejected create invoice with missing auth.
00:05:01.037 [TestNG-tests-3] INFO  tests.InvoicesTest - ▶ Running: [TC_17_Retrieve_Invoice_Invalid_Auth] | Groups: [invoice, negative, auth, regression]
00:05:01.037 [TestNG-tests-3] INFO  tests.InvoicesTest - Thread=TestNG-tests-3 | Class=InvoicesTest | Test=TC_17_Retrieve_Invoice_Invalid_Auth
00:05:01.037 [TestNG-tests-3] INFO  tests.InvoicesTest - Testing retrieve invoice with invalid auth key
00:05:01.368 [TestNG-tests-3] INFO  tests.InvoicesTest - Correctly rejected retrieve invoice with invalid auth.
00:05:01.368 [TestNG-tests-3] INFO  tests.InvoicesTest - Running cleanup for InvoicesTest
00:05:01.368 [TestNG-tests-3] INFO  tests.InvoicesTest - Cleaning up 9 fallback invoice(s)
00:05:01.380 [TestNG-tests-2] INFO  tests.AccountTests - 🧹 Closed fallback account: acct_1TyFo8CawgYbJKt7
00:05:02.579 [TestNG-tests-3] INFO  tests.InvoicesTest - Voided non-draft invoice (paid): in_1TyFpdCawgxS6rsg3YP6mqVS
00:05:04.262 [TestNG-tests-2] INFO  tests.AccountTests - 🧹 Closed fallback account: acct_1TyFoFCawgwbJSXS
00:05:08.178 [TestNG-tests-2] INFO  tests.AccountTests - 🧹 Closed fallback account: acct_1TyFoMCawgxqeMhI
00:05:11.000 [TestNG-tests-2] INFO  tests.AccountTests - 🧹 Closed fallback account: acct_1TyFoTCawgvkUty9
00:05:14.750 [TestNG-tests-2] INFO  tests.AccountTests - 🧹 Closed fallback account: acct_1TyFoaCawgWUafFK
00:05:18.777 [TestNG-tests-2] INFO  tests.AccountTests - 🧹 Closed fallback account: acct_1TyFohCawgT9zZ5J
00:05:22.797 [TestNG-tests-2] INFO  tests.AccountTests - 🧹 Closed fallback account: acct_1TyFopCawg8ifHXi
00:05:23.491 [TestNG-tests-2] INFO  tests.AccountTests - 🧹 Closed fallback account: acct_1TyFowCawgr6Lo70
00:05:24.088 [TestNG-tests-2] INFO  tests.AccountTests - 🧹 Closed fallback account: acct_1TyFoyCawgow4WNE
00:05:24.712 [TestNG-tests-2] INFO  tests.AccountTests - 🧹 Closed fallback account: acct_1TyFp5CawgIp55YU
00:05:24.912 [TestNG-tests-3] INFO  tests.InvoicesTest - Deleted draft invoice: in_1TyFpiCawgxS6rsgZqxXXjF7
00:05:26.163 [TestNG-tests-3] INFO  tests.InvoicesTest - Deleted draft invoice: in_1TyFpkCawgxS6rsgfow8KWmD
00:05:27.332 [TestNG-tests-3] INFO  tests.InvoicesTest - Voided non-draft invoice (void): in_1TyFpmCawgxS6rsg7UeuiICQ
00:05:27.896 [TestNG-tests-2] INFO  tests.AccountTests - 🧹 Closed fallback account: acct_1TyFpACawg4ZWWT1
00:05:28.852 [TestNG-tests-3] INFO  tests.InvoicesTest - Voided non-draft invoice (uncollectible): in_1TyFpqCawgxS6rsgYcpPicLC
00:05:30.297 [TestNG-tests-3] INFO  tests.InvoicesTest - Voided non-draft invoice (open): in_1TyFpxCawgxS6rsgM2CjKnW8
00:05:31.359 [TestNG-tests-2] INFO  tests.AccountTests - 🧹 Closed fallback account: acct_1TyFpICawguWsgcY
00:05:31.710 [TestNG-tests-3] INFO  tests.InvoicesTest - Voided non-draft invoice (open): in_1TyFq3CawgxS6rsgr2BqQeCD
00:05:33.272 [TestNG-tests-3] INFO  tests.InvoicesTest - Deleted draft invoice: in_1TyFq7CawgxS6rsgphQih2Tk
00:05:34.746 [TestNG-tests-3] INFO  tests.InvoicesTest - Voided non-draft invoice (open): in_1TyFq9CawgxS6rsg0aUCafYH
00:05:34.784 [TestNG-tests-2] INFO  tests.AccountTests - 🧹 Closed fallback account: acct_1TyFpQCawgN9GBXU
00:05:35.322 [TestNG-tests-2] INFO  tests.AccountTests - 🧹 Closed fallback account: acct_1TyFpZCawgkFeHT0
00:05:35.322 [TestNG-tests-2] INFO  tests.AccountTests - ✅ Cleanup complete for AccountTests.
00:05:35.344 [main] INFO  listeners.SuiteCleanupListener - ╔══════════════════════════════════════════════════════════╗
00:05:35.344 [main] INFO  listeners.SuiteCleanupListener - ║  SuiteCleanupListener – starting post-suite cleanup      ║
00:05:35.344 [main] INFO  listeners.SuiteCleanupListener - ╚══════════════════════════════════════════════════════════╝
00:05:35.344 [main] INFO  listeners.SuiteCleanupListener - ℹ️  Skipping API calls for read-only/non-deletable context fields (refundId, chargeId, priceId, disputeId, earlyFraudWarningId, billing*, email)
00:05:35.344 [main] INFO  listeners.SuiteCleanupListener - ✅ TestContext cleared.
00:05:35.344 [main] INFO  listeners.SuiteCleanupListener - ╔══════════════════════════════════════════════════════════╗
00:05:35.344 [main] INFO  listeners.SuiteCleanupListener - ║  SuiteCleanupListener – cleanup complete                 ║
00:05:35.344 [main] INFO  listeners.SuiteCleanupListener - ╚══════════════════════════════════════════════════════════╝
